"status","path","change_type","approved_checkpoint_scope","stage_action","notes"
"UNTRACKED","""Assets/Art/Vehicles/AE86/Body/full ae86.png""","ADDED","NO","DO_NOT_STAGE","Existing unrelated project/user change; excluded without altering working-tree content"
"UNTRACKED","""Assets/Art/Vehicles/AE86/Body/full ae86.png.meta""","ADDED","NO","DO_NOT_STAGE","Existing unrelated project/user change; excluded without altering working-tree content"
"WORKTREE_M",".gitignore","MODIFIED","NO","DO_NOT_STAGE","Existing unrelated project/user change; excluded without altering working-tree content"
"UNTRACKED","Assets/Art/Vehicles.meta","ADDED","NO","DO_NOT_STAGE","Existing unrelated project/user change; excluded without altering working-tree content"
"UNTRACKED","Assets/Art/Vehicles/AE86.meta","ADDED","NO","DO_NOT_STAGE","Existing unrelated project/user change; excluded without altering working-tree content"
"UNTRACKED","Assets/Art/Vehicles/AE86/Body.meta","ADDED","NO","DO_NOT_STAGE","Existing unrelated project/user change; excluded without altering working-tree content"
"UNTRACKED","Assets/Art/Vehicles/AE86/Body/ae86_down.png","ADDED","NO","DO_NOT_STAGE","Existing unrelated project/user change; excluded without altering working-tree content"
"UNTRACKED","Assets/Art/Vehicles/AE86/Body/ae86_down.png.meta","ADDED","NO","DO_NOT_STAGE","Existing unrelated project/user change; excluded without altering working-tree content"
"UNTRACKED","Assets/Art/Vehicles/AE86/Body/ae86_down_downright.png","ADDED","NO","DO_NOT_STAGE","Existing unrelated project/user change; excluded without altering working-tree content"
"UNTRACKED","Assets/Art/Vehicles/AE86/Body/ae86_down_downright.png.meta","ADDED","NO","DO_NOT_STAGE","Existing unrelated project/user change; excluded without altering working-tree content"
"UNTRACKED","Assets/Art/Vehicles/AE86/Body/ae86_downright.png","ADDED","NO","DO_NOT_STAGE","Existing unrelated project/user change; excluded without altering working-tree content"
"UNTRACKED","Assets/Art/Vehicles/AE86/Body/ae86_downright.png.meta","ADDED","NO","DO_NOT_STAGE","Existing unrelated project/user change; excluded without altering working-tree content"
"UNTRACKED","Assets/Art/Vehicles/AE86/Body/ae86_right.png","ADDED","NO","DO_NOT_STAGE","Existing unrelated project/user change; excluded without altering working-tree content"
"UNTRACKED","Assets/Art/Vehicles/AE86/Body/ae86_right.png.meta","ADDED","NO","DO_NOT_STAGE","Existing unrelated project/user change; excluded without altering working-tree content"
"UNTRACKED","Assets/Art/Vehicles/AE86/Body/ae86_right_downright.png","ADDED","NO","DO_NOT_STAGE","Existing unrelated project/user change; excluded without altering working-tree content"
"UNTRACKED","Assets/Art/Vehicles/AE86/Body/ae86_right_downright.png.meta","ADDED","NO","DO_NOT_STAGE","Existing unrelated project/user change; excluded without altering working-tree content"
"UNTRACKED","Assets/Art/Vehicles/AE86/Body/ae86_right_upright.png","ADDED","NO","DO_NOT_STAGE","Existing unrelated project/user change; excluded without altering working-tree content"
"UNTRACKED","Assets/Art/Vehicles/AE86/Body/ae86_right_upright.png.meta","ADDED","NO","DO_NOT_STAGE","Existing unrelated project/user change; excluded without altering working-tree content"
"UNTRACKED","Assets/Art/Vehicles/AE86/Body/ae86_up.png","ADDED","NO","DO_NOT_STAGE","Existing unrelated project/user change; excluded without altering working-tree content"
"UNTRACKED","Assets/Art/Vehicles/AE86/Body/ae86_up.png.meta","ADDED","NO","DO_NOT_STAGE","Existing unrelated project/user change; excluded without altering working-tree content"
"UNTRACKED","Assets/Art/Vehicles/AE86/Body/ae86_up_upright.png","ADDED","NO","DO_NOT_STAGE","Existing unrelated project/user change; excluded without altering working-tree content"
"UNTRACKED","Assets/Art/Vehicles/AE86/Body/ae86_up_upright.png.meta","ADDED","NO","DO_NOT_STAGE","Existing unrelated project/user change; excluded without altering working-tree content"
"UNTRACKED","Assets/Art/Vehicles/AE86/Body/ae86_upright.png","ADDED","NO","DO_NOT_STAGE","Existing unrelated project/user change; excluded without altering working-tree content"
"UNTRACKED","Assets/Art/Vehicles/AE86/Body/ae86_upright.png.meta","ADDED","NO","DO_NOT_STAGE","Existing unrelated project/user change; excluded without altering working-tree content"
"UNTRACKED","Assets/Art/Vehicles/AE86/Body/Extracted.meta","ADDED","NO","DO_NOT_STAGE","Existing unrelated project/user change; excluded without altering working-tree content"
"UNTRACKED","Assets/Art/Vehicles/AE86/Body/Extracted.zip","ADDED","NO","DO_NOT_STAGE","Existing unrelated project/user change; excluded without altering working-tree content"
"UNTRACKED","Assets/Art/Vehicles/AE86/Body/Extracted.zip.meta","ADDED","NO","DO_NOT_STAGE","Existing unrelated project/user change; excluded without altering working-tree content"
"UNTRACKED","Assets/Art/Vehicles/AE86/Body/Extracted/ae86_detection_diagnostic.png","ADDED","NO","DO_NOT_STAGE","Existing unrelated project/user change; excluded without altering working-tree content"
"UNTRACKED","Assets/Art/Vehicles/AE86/Body/Extracted/ae86_detection_diagnostic.png.meta","ADDED","NO","DO_NOT_STAGE","Existing unrelated project/user change; excluded without altering working-tree content"
"UNTRACKED","Assets/Art/Vehicles/AE86/Body/Extracted/ae86_frame_00.png","ADDED","NO","DO_NOT_STAGE","Existing unrelated project/user change; excluded without altering working-tree content"
"UNTRACKED","Assets/Art/Vehicles/AE86/Body/Extracted/ae86_frame_00.png.meta","ADDED","NO","DO_NOT_STAGE","Existing unrelated project/user change; excluded without altering working-tree content"
"UNTRACKED","Assets/Art/Vehicles/AE86/Body/Extracted/ae86_frame_01.png","ADDED","NO","DO_NOT_STAGE","Existing unrelated project/user change; excluded without altering working-tree content"
"UNTRACKED","Assets/Art/Vehicles/AE86/Body/Extracted/ae86_frame_01.png.meta","ADDED","NO","DO_NOT_STAGE","Existing unrelated project/user change; excluded without altering working-tree content"
"UNTRACKED","Assets/Art/Vehicles/AE86/Body/Extracted/ae86_frame_02.png","ADDED","NO","DO_NOT_STAGE","Existing unrelated project/user change; excluded without altering working-tree content"
"UNTRACKED","Assets/Art/Vehicles/AE86/Body/Extracted/ae86_frame_02.png.meta","ADDED","NO","DO_NOT_STAGE","Existing unrelated project/user change; excluded without altering working-tree content"
"UNTRACKED","Assets/Art/Vehicles/AE86/Body/Extracted/ae86_frame_03.png","ADDED","NO","DO_NOT_STAGE","Existing unrelated project/user change; excluded without altering working-tree content"
"UNTRACKED","Assets/Art/Vehicles/AE86/Body/Extracted/ae86_frame_03.png.meta","ADDED","NO","DO_NOT_STAGE","Existing unrelated project/user change; excluded without altering working-tree content"
"UNTRACKED","Assets/Art/Vehicles/AE86/Body/Extracted/ae86_frame_04.png","ADDED","NO","DO_NOT_STAGE","Existing unrelated project/user change; excluded without altering working-tree content"
"UNTRACKED","Assets/Art/Vehicles/AE86/Body/Extracted/ae86_frame_04.png.meta","ADDED","NO","DO_NOT_STAGE","Existing unrelated project/user change; excluded without altering working-tree content"
"UNTRACKED","Assets/Art/Vehicles/AE86/Body/Extracted/ae86_frame_05.png","ADDED","NO","DO_NOT_STAGE","Existing unrelated project/user change; excluded without altering working-tree content"
"UNTRACKED","Assets/Art/Vehicles/AE86/Body/Extracted/ae86_frame_05.png.meta","ADDED","NO","DO_NOT_STAGE","Existing unrelated project/user change; excluded without altering working-tree content"
"UNTRACKED","Assets/Art/Vehicles/AE86/Body/Extracted/ae86_frame_06.png","ADDED","NO","DO_NOT_STAGE","Existing unrelated project/user change; excluded without altering working-tree content"
"UNTRACKED","Assets/Art/Vehicles/AE86/Body/Extracted/ae86_frame_06.png.meta","ADDED","NO","DO_NOT_STAGE","Existing unrelated project/user change; excluded without altering working-tree content"
"UNTRACKED","Assets/Art/Vehicles/AE86/Body/Extracted/ae86_frame_07.png","ADDED","NO","DO_NOT_STAGE","Existing unrelated project/user change; excluded without altering working-tree content"
"UNTRACKED","Assets/Art/Vehicles/AE86/Body/Extracted/ae86_frame_07.png.meta","ADDED","NO","DO_NOT_STAGE","Existing unrelated project/user change; excluded without altering working-tree content"
"UNTRACKED","Assets/Art/Vehicles/AE86/Body/Extracted/ae86_frame_08.png","ADDED","NO","DO_NOT_STAGE","Existing unrelated project/user change; excluded without altering working-tree content"
"UNTRACKED","Assets/Art/Vehicles/AE86/Body/Extracted/ae86_frame_08.png.meta","ADDED","NO","DO_NOT_STAGE","Existing unrelated project/user change; excluded without altering working-tree content"
"UNTRACKED","Assets/Art/Vehicles/AE86/Body/Extracted/ae86_frame_09.png","ADDED","NO","DO_NOT_STAGE","Existing unrelated project/user change; excluded without altering working-tree content"
"UNTRACKED","Assets/Art/Vehicles/AE86/Body/Extracted/ae86_frame_09.png.meta","ADDED","NO","DO_NOT_STAGE","Existing unrelated project/user change; excluded without altering working-tree content"
"UNTRACKED","Assets/Art/Vehicles/AE86/Body/Extracted/ae86_frame_10.png","ADDED","NO","DO_NOT_STAGE","Existing unrelated project/user change; excluded without altering working-tree content"
"UNTRACKED","Assets/Art/Vehicles/AE86/Body/Extracted/ae86_frame_10.png.meta","ADDED","NO","DO_NOT_STAGE","Existing unrelated project/user change; excluded without altering working-tree content"
"UNTRACKED","Assets/Art/Vehicles/AE86/Body/Extracted/ae86_frame_11.png","ADDED","NO","DO_NOT_STAGE","Existing unrelated project/user change; excluded without altering working-tree content"
"UNTRACKED","Assets/Art/Vehicles/AE86/Body/Extracted/ae86_frame_11.png.meta","ADDED","NO","DO_NOT_STAGE","Existing unrelated project/user change; excluded without altering working-tree content"
"UNTRACKED","Assets/Art/Vehicles/AE86/Body/Extracted/ae86_frame_12.png","ADDED","NO","DO_NOT_STAGE","Existing unrelated project/user change; excluded without altering working-tree content"
"UNTRACKED","Assets/Art/Vehicles/AE86/Body/Extracted/ae86_frame_12.png.meta","ADDED","NO","DO_NOT_STAGE","Existing unrelated project/user change; excluded without altering working-tree content"
"UNTRACKED","Assets/Art/Vehicles/AE86/Body/Extracted/ae86_frame_13.png","ADDED","NO","DO_NOT_STAGE","Existing unrelated project/user change; excluded without altering working-tree content"
"UNTRACKED","Assets/Art/Vehicles/AE86/Body/Extracted/ae86_frame_13.png.meta","ADDED","NO","DO_NOT_STAGE","Existing unrelated project/user change; excluded without altering working-tree content"
"UNTRACKED","Assets/Art/Vehicles/AE86/Body/Extracted/ae86_frame_14.png","ADDED","NO","DO_NOT_STAGE","Existing unrelated project/user change; excluded without altering working-tree content"
"UNTRACKED","Assets/Art/Vehicles/AE86/Body/Extracted/ae86_frame_14.png.meta","ADDED","NO","DO_NOT_STAGE","Existing unrelated project/user change; excluded without altering working-tree content"
"UNTRACKED","Assets/Art/Vehicles/AE86/Body/Extracted/ae86_frame_15.png","ADDED","NO","DO_NOT_STAGE","Existing unrelated project/user change; excluded without altering working-tree content"
"UNTRACKED","Assets/Art/Vehicles/AE86/Body/Extracted/ae86_frame_15.png.meta","ADDED","NO","DO_NOT_STAGE","Existing unrelated project/user change; excluded without altering working-tree content"
"UNTRACKED","Assets/Art/Vehicles/AE86/Body/Extracted/ae86_frame_16.png","ADDED","NO","DO_NOT_STAGE","Existing unrelated project/user change; excluded without altering working-tree content"
"UNTRACKED","Assets/Art/Vehicles/AE86/Body/Extracted/ae86_frame_16.png.meta","ADDED","NO","DO_NOT_STAGE","Existing unrelated project/user change; excluded without altering working-tree content"
"UNTRACKED","Assets/Art/Vehicles/AE86/Body/Extracted/ae86_frames_contact_transparent.png","ADDED","NO","DO_NOT_STAGE","Existing unrelated project/user change; excluded without altering working-tree content"
"UNTRACKED","Assets/Art/Vehicles/AE86/Body/Extracted/ae86_frames_contact_transparent.png.meta","ADDED","NO","DO_NOT_STAGE","Existing unrelated project/user change; excluded without altering working-tree content"
"UNTRACKED","Assets/Art/Vehicles/AE86/Body/Extracted/ae86_frames_manifest.json","ADDED","NO","DO_NOT_STAGE","Existing unrelated project/user change; excluded without altering working-tree content"
"UNTRACKED","Assets/Art/Vehicles/AE86/Body/Extracted/ae86_frames_manifest.json.meta","ADDED","NO","DO_NOT_STAGE","Existing unrelated project/user change; excluded without altering working-tree content"
"UNTRACKED","Assets/Art/Vehicles/AE86/Body/Extracted/ae86_frames_review.md","ADDED","NO","DO_NOT_STAGE","Existing unrelated project/user change; excluded without altering working-tree content"
"UNTRACKED","Assets/Art/Vehicles/AE86/Body/Extracted/ae86_frames_review.md.meta","ADDED","NO","DO_NOT_STAGE","Existing unrelated project/user change; excluded without altering working-tree content"
"UNTRACKED","Assets/Art/Vehicles/AE86/Body/Extracted/ae86_frames_review_labeled.png","ADDED","NO","DO_NOT_STAGE","Existing unrelated project/user change; excluded without altering working-tree content"
"UNTRACKED","Assets/Art/Vehicles/AE86/Body/Extracted/ae86_frames_review_labeled.png.meta","ADDED","NO","DO_NOT_STAGE","Existing unrelated project/user change; excluded without altering working-tree content"
"UNTRACKED","Assets/Art/Vehicles/AE86/Body/Extracted/Production32.meta","ADDED","NO","DO_NOT_STAGE","Existing unrelated project/user change; excluded without altering working-tree content"
"UNTRACKED","Assets/Art/Vehicles/AE86/Body/Extracted/Production32/ae86_000_00_right.png","ADDED","NO","DO_NOT_STAGE","Existing unrelated project/user change; excluded without altering working-tree content"
"UNTRACKED","Assets/Art/Vehicles/AE86/Body/Extracted/Production32/ae86_000_00_right.png.meta","ADDED","NO","DO_NOT_STAGE","Existing unrelated project/user change; excluded without altering working-tree content"
"UNTRACKED","Assets/Art/Vehicles/AE86/Body/Extracted/Production32/ae86_011_25.png","ADDED","NO","DO_NOT_STAGE","Existing unrelated project/user change; excluded without altering working-tree content"
"UNTRACKED","Assets/Art/Vehicles/AE86/Body/Extracted/Production32/ae86_011_25.png.meta","ADDED","NO","DO_NOT_STAGE","Existing unrelated project/user change; excluded without altering working-tree content"
"UNTRACKED","Assets/Art/Vehicles/AE86/Body/Extracted/Production32/ae86_022_50.png","ADDED","NO","DO_NOT_STAGE","Existing unrelated project/user change; excluded without altering working-tree content"
"UNTRACKED","Assets/Art/Vehicles/AE86/Body/Extracted/Production32/ae86_022_50.png.meta","ADDED","NO","DO_NOT_STAGE","Existing unrelated project/user change; excluded without altering working-tree content"
"UNTRACKED","Assets/Art/Vehicles/AE86/Body/Extracted/Production32/ae86_033_75.png","ADDED","NO","DO_NOT_STAGE","Existing unrelated project/user change; excluded without altering working-tree content"
"UNTRACKED","Assets/Art/Vehicles/AE86/Body/Extracted/Production32/ae86_033_75.png.meta","ADDED","NO","DO_NOT_STAGE","Existing unrelated project/user change; excluded without altering working-tree content"
"UNTRACKED","Assets/Art/Vehicles/AE86/Body/Extracted/Production32/ae86_045_00_upright.png","ADDED","NO","DO_NOT_STAGE","Existing unrelated project/user change; excluded without altering working-tree content"
"UNTRACKED","Assets/Art/Vehicles/AE86/Body/Extracted/Production32/ae86_045_00_upright.png.meta","ADDED","NO","DO_NOT_STAGE","Existing unrelated project/user change; excluded without altering working-tree content"
"UNTRACKED","Assets/Art/Vehicles/AE86/Body/Extracted/Production32/ae86_056_25.png","ADDED","NO","DO_NOT_STAGE","Existing unrelated project/user change; excluded without altering working-tree content"
"UNTRACKED","Assets/Art/Vehicles/AE86/Body/Extracted/Production32/ae86_056_25.png.meta","ADDED","NO","DO_NOT_STAGE","Existing unrelated project/user change; excluded without altering working-tree content"
"UNTRACKED","Assets/Art/Vehicles/AE86/Body/Extracted/Production32/ae86_067_50.png","ADDED","NO","DO_NOT_STAGE","Existing unrelated project/user change; excluded without altering working-tree content"
"UNTRACKED","Assets/Art/Vehicles/AE86/Body/Extracted/Production32/ae86_067_50.png.meta","ADDED","NO","DO_NOT_STAGE","Existing unrelated project/user change; excluded without altering working-tree content"
"UNTRACKED","Assets/Art/Vehicles/AE86/Body/Extracted/Production32/ae86_078_75.png","ADDED","NO","DO_NOT_STAGE","Existing unrelated project/user change; excluded without altering working-tree content"
"UNTRACKED","Assets/Art/Vehicles/AE86/Body/Extracted/Production32/ae86_078_75.png.meta","ADDED","NO","DO_NOT_STAGE","Existing unrelated project/user change; excluded without altering working-tree content"
"UNTRACKED","Assets/Art/Vehicles/AE86/Body/Extracted/Production32/ae86_090_00_up.png","ADDED","NO","DO_NOT_STAGE","Existing unrelated project/user change; excluded without altering working-tree content"
"UNTRACKED","Assets/Art/Vehicles/AE86/Body/Extracted/Production32/ae86_090_00_up.png.meta","ADDED","NO","DO_NOT_STAGE","Existing unrelated project/user change; excluded without altering working-tree content"
"UNTRACKED","Assets/Art/Vehicles/AE86/Body/Extracted/Production32/ae86_270_00_down.png","ADDED","NO","DO_NOT_STAGE","Existing unrelated project/user change; excluded without altering working-tree content"
"UNTRACKED","Assets/Art/Vehicles/AE86/Body/Extracted/Production32/ae86_270_00_down.png.meta","ADDED","NO","DO_NOT_STAGE","Existing unrelated project/user change; excluded without altering working-tree content"
"UNTRACKED","Assets/Art/Vehicles/AE86/Body/Extracted/Production32/ae86_281_25.png","ADDED","NO","DO_NOT_STAGE","Existing unrelated project/user change; excluded without altering working-tree content"
"UNTRACKED","Assets/Art/Vehicles/AE86/Body/Extracted/Production32/ae86_281_25.png.meta","ADDED","NO","DO_NOT_STAGE","Existing unrelated project/user change; excluded without altering working-tree content"
"UNTRACKED","Assets/Art/Vehicles/AE86/Body/Extracted/Production32/ae86_292_50.png","ADDED","NO","DO_NOT_STAGE","Existing unrelated project/user change; excluded without altering working-tree content"
"UNTRACKED","Assets/Art/Vehicles/AE86/Body/Extracted/Production32/ae86_292_50.png.meta","ADDED","NO","DO_NOT_STAGE","Existing unrelated project/user change; excluded without altering working-tree content"
"UNTRACKED","Assets/Art/Vehicles/AE86/Body/Extracted/Production32/ae86_303_75.png","ADDED","NO","DO_NOT_STAGE","Existing unrelated project/user change; excluded without altering working-tree content"
"UNTRACKED","Assets/Art/Vehicles/AE86/Body/Extracted/Production32/ae86_303_75.png.meta","ADDED","NO","DO_NOT_STAGE","Existing unrelated project/user change; excluded without altering working-tree content"
"UNTRACKED","Assets/Art/Vehicles/AE86/Body/Extracted/Production32/ae86_315_00_downright.png","ADDED","NO","DO_NOT_STAGE","Existing unrelated project/user change; excluded without altering working-tree content"
"UNTRACKED","Assets/Art/Vehicles/AE86/Body/Extracted/Production32/ae86_315_00_downright.png.meta","ADDED","NO","DO_NOT_STAGE","Existing unrelated project/user change; excluded without altering working-tree content"
"UNTRACKED","Assets/Art/Vehicles/AE86/Body/Extracted/Production32/ae86_326_25.png","ADDED","NO","DO_NOT_STAGE","Existing unrelated project/user change; excluded without altering working-tree content"
"UNTRACKED","Assets/Art/Vehicles/AE86/Body/Extracted/Production32/ae86_326_25.png.meta","ADDED","NO","DO_NOT_STAGE","Existing unrelated project/user change; excluded without altering working-tree content"
"UNTRACKED","Assets/Art/Vehicles/AE86/Body/Extracted/Production32/ae86_337_50.png","ADDED","NO","DO_NOT_STAGE","Existing unrelated project/user change; excluded without altering working-tree content"
"UNTRACKED","Assets/Art/Vehicles/AE86/Body/Extracted/Production32/ae86_337_50.png.meta","ADDED","NO","DO_NOT_STAGE","Existing unrelated project/user change; excluded without altering working-tree content"
"UNTRACKED","Assets/Art/Vehicles/AE86/Body/Extracted/Production32/ae86_348_75.png","ADDED","NO","DO_NOT_STAGE","Existing unrelated project/user change; excluded without altering working-tree content"
"UNTRACKED","Assets/Art/Vehicles/AE86/Body/Extracted/Production32/ae86_348_75.png.meta","ADDED","NO","DO_NOT_STAGE","Existing unrelated project/user change; excluded without altering working-tree content"
"UNTRACKED","Assets/Art/Vehicles/AE86/Body/Extracted/Production32/ae86_production32_contact_transparent.png","ADDED","NO","DO_NOT_STAGE","Existing unrelated project/user change; excluded without altering working-tree content"
"UNTRACKED","Assets/Art/Vehicles/AE86/Body/Extracted/Production32/ae86_production32_contact_transparent.png.meta","ADDED","NO","DO_NOT_STAGE","Existing unrelated project/user change; excluded without altering working-tree content"
"UNTRACKED","Assets/Art/Vehicles/AE86/Body/Extracted/Production32/ae86_production32_manifest.json","ADDED","NO","DO_NOT_STAGE","Existing unrelated project/user change; excluded without altering working-tree content"
"UNTRACKED","Assets/Art/Vehicles/AE86/Body/Extracted/Production32/ae86_production32_manifest.json.meta","ADDED","NO","DO_NOT_STAGE","Existing unrelated project/user change; excluded without altering working-tree content"
"UNTRACKED","Assets/Art/Vehicles/AE86/Body/Extracted/Production32/ae86_production32_review.md","ADDED","NO","DO_NOT_STAGE","Existing unrelated project/user change; excluded without altering working-tree content"
"UNTRACKED","Assets/Art/Vehicles/AE86/Body/Extracted/Production32/ae86_production32_review.md.meta","ADDED","NO","DO_NOT_STAGE","Existing unrelated project/user change; excluded without altering working-tree content"
"UNTRACKED","Assets/Art/Vehicles/AE86/Body/Extracted/Production32/ae86_production32_review_labeled.png","ADDED","NO","DO_NOT_STAGE","Existing unrelated project/user change; excluded without altering working-tree content"
"UNTRACKED","Assets/Art/Vehicles/AE86/Body/Extracted/Production32/ae86_production32_review_labeled.png.meta","ADDED","NO","DO_NOT_STAGE","Existing unrelated project/user change; excluded without altering working-tree content"
"UNTRACKED","Assets/Art/Vehicles/AE86/Wheels.meta","ADDED","NO","DO_NOT_STAGE","Existing unrelated project/user change; excluded without altering working-tree content"
"INDEX_A","Assets/Art/Vehicles/AE86_final.meta","ADDED","YES","STAGE","Approved AE86 checkpoint scope"
"INDEX_A","Assets/Art/Vehicles/AE86_final/Current17.meta","ADDED","YES","STAGE","Approved AE86 checkpoint scope"
"INDEX_A","Assets/Art/Vehicles/AE86_final/Current17/00_090.00_up.png","ADDED","YES","STAGE","Approved AE86 checkpoint scope"
"INDEX_A","Assets/Art/Vehicles/AE86_final/Current17/00_090.00_up.png.meta","ADDED","YES","STAGE","Approved AE86 checkpoint scope"
"INDEX_A","Assets/Art/Vehicles/AE86_final/Current17/01_078.75.png","ADDED","YES","STAGE","Approved AE86 checkpoint scope"
"INDEX_A","Assets/Art/Vehicles/AE86_final/Current17/01_078.75.png.meta","ADDED","YES","STAGE","Approved AE86 checkpoint scope"
"INDEX_A","Assets/Art/Vehicles/AE86_final/Current17/02_067.50.png","ADDED","YES","STAGE","Approved AE86 checkpoint scope"
"INDEX_A","Assets/Art/Vehicles/AE86_final/Current17/02_067.50.png.meta","ADDED","YES","STAGE","Approved AE86 checkpoint scope"
"INDEX_A","Assets/Art/Vehicles/AE86_final/Current17/03_056.25.png","ADDED","YES","STAGE","Approved AE86 checkpoint scope"
"INDEX_A","Assets/Art/Vehicles/AE86_final/Current17/03_056.25.png.meta","ADDED","YES","STAGE","Approved AE86 checkpoint scope"
"INDEX_A","Assets/Art/Vehicles/AE86_final/Current17/04_045.00_upright.png","ADDED","YES","STAGE","Approved AE86 checkpoint scope"
"INDEX_A","Assets/Art/Vehicles/AE86_final/Current17/04_045.00_upright.png.meta","ADDED","YES","STAGE","Approved AE86 checkpoint scope"
"INDEX_A","Assets/Art/Vehicles/AE86_final/Current17/05_033.75.png","ADDED","YES","STAGE","Approved AE86 checkpoint scope"
"INDEX_A","Assets/Art/Vehicles/AE86_final/Current17/05_033.75.png.meta","ADDED","YES","STAGE","Approved AE86 checkpoint scope"
"INDEX_A","Assets/Art/Vehicles/AE86_final/Current17/06_022.50.png","ADDED","YES","STAGE","Approved AE86 checkpoint scope"
"INDEX_A","Assets/Art/Vehicles/AE86_final/Current17/06_022.50.png.meta","ADDED","YES","STAGE","Approved AE86 checkpoint scope"
"INDEX_A","Assets/Art/Vehicles/AE86_final/Current17/07_011.25_WORKING.png","ADDED","YES","STAGE","Slot 07 temporarily accepted; content unchanged"
"INDEX_A","Assets/Art/Vehicles/AE86_final/Current17/07_011.25_WORKING.png.meta","ADDED","YES","STAGE","Slot 07 temporarily accepted; content unchanged"
"INDEX_A","Assets/Art/Vehicles/AE86_final/Current17/08_000.00_right.png","ADDED","YES","STAGE","Approved AE86 checkpoint scope"
"INDEX_A","Assets/Art/Vehicles/AE86_final/Current17/08_000.00_right.png.meta","ADDED","YES","STAGE","Approved AE86 checkpoint scope"
"INDEX_A","Assets/Art/Vehicles/AE86_final/Current17/09_348.75.png","ADDED","YES","STAGE","Approved AE86 checkpoint scope"
"INDEX_A","Assets/Art/Vehicles/AE86_final/Current17/09_348.75.png.meta","ADDED","YES","STAGE","Approved AE86 checkpoint scope"
"INDEX_A","Assets/Art/Vehicles/AE86_final/Current17/10_337.50.png","ADDED","YES","STAGE","Approved AE86 checkpoint scope"
"INDEX_A","Assets/Art/Vehicles/AE86_final/Current17/10_337.50.png.meta","ADDED","YES","STAGE","Approved AE86 checkpoint scope"
"INDEX_A","Assets/Art/Vehicles/AE86_final/Current17/11_326.25.png","ADDED","YES","STAGE","Approved AE86 checkpoint scope"
"INDEX_A","Assets/Art/Vehicles/AE86_final/Current17/11_326.25.png.meta","ADDED","YES","STAGE","Approved AE86 checkpoint scope"
"INDEX_A","Assets/Art/Vehicles/AE86_final/Current17/12_315.00_downright.png","ADDED","YES","STAGE","Approved AE86 checkpoint scope"
"INDEX_A","Assets/Art/Vehicles/AE86_final/Current17/12_315.00_downright.png.meta","ADDED","YES","STAGE","Approved AE86 checkpoint scope"
"INDEX_A","Assets/Art/Vehicles/AE86_final/Current17/13_303.75.png","ADDED","YES","STAGE","Approved AE86 checkpoint scope"
"INDEX_A","Assets/Art/Vehicles/AE86_final/Current17/13_303.75.png.meta","ADDED","YES","STAGE","Approved AE86 checkpoint scope"
"INDEX_A","Assets/Art/Vehicles/AE86_final/Current17/14_292.50.png","ADDED","YES","STAGE","Approved AE86 checkpoint scope"
"INDEX_A","Assets/Art/Vehicles/AE86_final/Current17/14_292.50.png.meta","ADDED","YES","STAGE","Approved AE86 checkpoint scope"
"INDEX_A","Assets/Art/Vehicles/AE86_final/Current17/15_281.25.png","ADDED","YES","STAGE","Approved AE86 checkpoint scope"
"INDEX_A","Assets/Art/Vehicles/AE86_final/Current17/15_281.25.png.meta","ADDED","YES","STAGE","Approved AE86 checkpoint scope"
"INDEX_A","Assets/Art/Vehicles/AE86_final/Current17/16_270.00_down.png","ADDED","YES","STAGE","Approved AE86 checkpoint scope"
"INDEX_A","Assets/Art/Vehicles/AE86_final/Current17/16_270.00_down.png.meta","ADDED","YES","STAGE","Approved AE86 checkpoint scope"
"INDEX_A","Assets/Art/Vehicles/AE86_final/ManualSlot07.meta","ADDED","YES","STAGE","Approved AE86 checkpoint scope"
"INDEX_A","Assets/Art/Vehicles/AE86_final/ManualSlot07/01_prev_slot06_22.50.png","ADDED","YES","STAGE","Approved AE86 checkpoint scope"
"INDEX_A","Assets/Art/Vehicles/AE86_final/ManualSlot07/01_prev_slot06_22.50.png.meta","ADDED","YES","STAGE","Approved AE86 checkpoint scope"
"INDEX_A","Assets/Art/Vehicles/AE86_final/ManualSlot07/02_working_slot07_11.25.png","ADDED","YES","STAGE","Approved AE86 checkpoint scope"
"INDEX_A","Assets/Art/Vehicles/AE86_final/ManualSlot07/02_working_slot07_11.25.png.meta","ADDED","YES","STAGE","Approved AE86 checkpoint scope"
"INDEX_A","Assets/Art/Vehicles/AE86_final/ManualSlot07/03_next_slot08_right.png","ADDED","YES","STAGE","Approved AE86 checkpoint scope"
"INDEX_A","Assets/Art/Vehicles/AE86_final/ManualSlot07/03_next_slot08_right.png.meta","ADDED","YES","STAGE","Approved AE86 checkpoint scope"
"INDEX_A","Assets/Art/Vehicles/AE86_final/ManualSlot07/README.md","ADDED","YES","STAGE","Approved AE86 checkpoint scope"
"INDEX_A","Assets/Art/Vehicles/AE86_final/ManualSlot07/README.md.meta","ADDED","YES","STAGE","Approved AE86 checkpoint scope"
"INDEX_A","Assets/Art/Vehicles/AE86_final/References.meta","ADDED","YES","STAGE","Approved AE86 checkpoint scope"
"INDEX_A","Assets/Art/Vehicles/AE86_final/References/slot06_slot07_right_comparison.png","ADDED","YES","STAGE","Approved AE86 checkpoint scope"
"INDEX_A","Assets/Art/Vehicles/AE86_final/References/slot06_slot07_right_comparison.png.meta","ADDED","YES","STAGE","Approved AE86 checkpoint scope"
"INDEX_A","Assets/Art/Vehicles/AE86_final/References/step1f_17_source_contact_sheet.png","ADDED","YES","STAGE","Approved AE86 checkpoint scope"
"INDEX_A","Assets/Art/Vehicles/AE86_final/References/step1f_17_source_contact_sheet.png.meta","ADDED","YES","STAGE","Approved AE86 checkpoint scope"
"INDEX_A","Assets/Art/Vehicles/AE86_final/References/step1f_full32_preview.png","ADDED","YES","STAGE","Approved AE86 checkpoint scope"
"INDEX_A","Assets/Art/Vehicles/AE86_final/References/step1f_full32_preview.png.meta","ADDED","YES","STAGE","Approved AE86 checkpoint scope"
"INDEX_A","Assets/Art/Vehicles/AE86_final/References/step1g_imported_full32_preview.png","ADDED","YES","STAGE","Approved AE86 checkpoint scope"
"INDEX_A","Assets/Art/Vehicles/AE86_final/References/step1g_imported_full32_preview.png.meta","ADDED","YES","STAGE","Approved AE86 checkpoint scope"
"INDEX_A","Assets/Art/Vehicles/AE86_final/References/step1h_runtime_reference_NOT_FINAL.png","ADDED","YES","STAGE","Approved AE86 checkpoint scope"
"INDEX_A","Assets/Art/Vehicles/AE86_final/References/step1h_runtime_reference_NOT_FINAL.png.meta","ADDED","YES","STAGE","Approved AE86 checkpoint scope"
"INDEX_A","Assets/Art/Vehicles/AE86_final/Reports.meta","ADDED","YES","STAGE","Approved AE86 checkpoint scope"
"INDEX_A","Assets/Art/Vehicles/AE86_final/Reports/active_prefab_before_after.sha256","ADDED","YES","STAGE","Approved AE86 checkpoint scope"
"INDEX_A","Assets/Art/Vehicles/AE86_final/Reports/active_prefab_before_after.sha256.meta","ADDED","YES","STAGE","Approved AE86 checkpoint scope"
"INDEX_A","Assets/Art/Vehicles/AE86_final/Reports/active_prefab_integration_report.md","ADDED","YES","STAGE","Approved AE86 checkpoint scope"
"INDEX_A","Assets/Art/Vehicles/AE86_final/Reports/active_prefab_integration_report.md.meta","ADDED","YES","STAGE","Approved AE86 checkpoint scope"
"INDEX_A","Assets/Art/Vehicles/AE86_final/Reports/active_prefab_integration_unity.log","ADDED","YES","STAGE","Approved AE86 checkpoint scope"
"INDEX_A","Assets/Art/Vehicles/AE86_final/Reports/active_prefab_integration_unity.log.meta","ADDED","YES","STAGE","Approved AE86 checkpoint scope"
"INDEX_A","Assets/Art/Vehicles/AE86_final/Reports/active_prefab_sprite_binding.csv","ADDED","YES","STAGE","Approved AE86 checkpoint scope"
"INDEX_A","Assets/Art/Vehicles/AE86_final/Reports/active_prefab_sprite_binding.csv.meta","ADDED","YES","STAGE","Approved AE86 checkpoint scope"
"INDEX_A","Assets/Art/Vehicles/AE86_final/Reports/active_runtime32_mapping.csv","ADDED","YES","STAGE","Approved AE86 checkpoint scope"
"INDEX_A","Assets/Art/Vehicles/AE86_final/Reports/active_runtime32_mapping.csv.meta","ADDED","YES","STAGE","Approved AE86 checkpoint scope"
"INDEX_A","Assets/Art/Vehicles/AE86_final/Reports/AE86_active_checkpoint.md","ADDED","YES","STAGE","Approved AE86 checkpoint scope"
"INDEX_A","Assets/Art/Vehicles/AE86_final/Reports/AE86_active_checkpoint.md.meta","ADDED","YES","STAGE","Approved AE86 checkpoint scope"
"INDEX_A","Assets/Art/Vehicles/AE86_final/Reports/AE86_checkpoint_git_inventory.csv","ADDED","YES","STAGE","Approved AE86 checkpoint scope"
"INDEX_A","Assets/Art/Vehicles/AE86_final/Reports/AE86_checkpoint_git_inventory.csv.meta","ADDED","YES","STAGE","Approved AE86 checkpoint scope"
"INDEX_A","Assets/Art/Vehicles/AE86_final/Reports/AE86_checkpoint_hashes.sha256","ADDED","YES","STAGE","Approved AE86 checkpoint scope"
"INDEX_A","Assets/Art/Vehicles/AE86_final/Reports/AE86_checkpoint_hashes.sha256.meta","ADDED","YES","STAGE","Approved AE86 checkpoint scope"
"INDEX_A","Assets/Art/Vehicles/AE86_final/Reports/AE86_final_manifest.csv","ADDED","YES","STAGE","Approved AE86 checkpoint scope"
"INDEX_A","Assets/Art/Vehicles/AE86_final/Reports/AE86_final_manifest.csv.meta","ADDED","YES","STAGE","Approved AE86 checkpoint scope"
"INDEX_A","Assets/Art/Vehicles/AE86_final/Reports/AE86_final_readme.md","ADDED","YES","STAGE","Approved AE86 checkpoint scope"
"INDEX_A","Assets/Art/Vehicles/AE86_final/Reports/AE86_final_readme.md.meta","ADDED","YES","STAGE","Approved AE86 checkpoint scope"
"INDEX_A","Assets/Art/Vehicles/AE86_final/Reports/cleanup_inventory.csv","ADDED","YES","STAGE","Approved AE86 checkpoint scope"
"INDEX_A","Assets/Art/Vehicles/AE86_final/Reports/cleanup_inventory.csv.meta","ADDED","YES","STAGE","Approved AE86 checkpoint scope"
"INDEX_A","Assets/Art/Vehicles/AE86_final/Reports/cleanup_report.md","ADDED","YES","STAGE","Approved AE86 checkpoint scope"
"INDEX_A","Assets/Art/Vehicles/AE86_final/Reports/cleanup_report.md.meta","ADDED","YES","STAGE","Approved AE86 checkpoint scope"
"INDEX_A","Assets/Art/Vehicles/AE86_final/Reports/protected_assets_before.sha256","ADDED","YES","STAGE","Approved AE86 checkpoint scope"
"INDEX_A","Assets/Art/Vehicles/AE86_final/Reports/protected_assets_before.sha256.meta","ADDED","YES","STAGE","Approved AE86 checkpoint scope"
"INDEX_A","Assets/Art/Vehicles/AE86_final/Reports/unity_import_audit.csv","ADDED","YES","STAGE","Approved AE86 checkpoint scope"
"INDEX_A","Assets/Art/Vehicles/AE86_final/Reports/unity_import_audit.csv.meta","ADDED","YES","STAGE","Approved AE86 checkpoint scope"
"UNTRACKED","Assets/Prefab/Vehicles.meta","ADDED","NO","DO_NOT_STAGE","Existing unrelated project/user change; excluded without altering working-tree content"
"INDEX_A","Assets/Prefab/Vehicles/Car_AE86.prefab","ADDED","YES","STAGE","Active prefab Current17 binding"
"UNTRACKED","Assets/Prefab/Vehicles/Car_AE86.prefab.meta","ADDED","NO","DO_NOT_STAGE","Existing unrelated project/user change; excluded without altering working-tree content"
"WORKTREE_D","Assets/Prefabs/Car_Basic.prefab","DELETED","NO","DO_NOT_STAGE","Existing unrelated project/user change; excluded without altering working-tree content"
"WORKTREE_D","Assets/Prefabs/Car_Basic.prefab.meta","DELETED","NO","DO_NOT_STAGE","Existing unrelated project/user change; excluded without altering working-tree content"
"WORKTREE_D","Assets/Prefabs/Car_Sport.prefab","DELETED","NO","DO_NOT_STAGE","Existing unrelated project/user change; excluded without altering working-tree content"
"WORKTREE_D","Assets/Prefabs/Car_Sport.prefab.meta","DELETED","NO","DO_NOT_STAGE","Existing unrelated project/user change; excluded without altering working-tree content"
"WORKTREE_D","Assets/Prefabs/Car_Truck.prefab","DELETED","NO","DO_NOT_STAGE","Existing unrelated project/user change; excluded without altering working-tree content"
"WORKTREE_D","Assets/Prefabs/Car_Truck.prefab.meta","DELETED","NO","DO_NOT_STAGE","Existing unrelated project/user change; excluded without altering working-tree content"
"UNTRACKED","Assets/Prefabs/Deprecated.meta","ADDED","NO","DO_NOT_STAGE","Existing unrelated project/user change; excluded without altering working-tree content"
"UNTRACKED","Assets/Prefabs/Deprecated/Vehicles.meta","ADDED","NO","DO_NOT_STAGE","Existing unrelated project/user change; excluded without altering working-tree content"
"UNTRACKED","Assets/Prefabs/Deprecated/Vehicles/Car_Basic.prefab","ADDED","NO","DO_NOT_STAGE","Existing unrelated project/user change; excluded without altering working-tree content"
"UNTRACKED","Assets/Prefabs/Deprecated/Vehicles/Car_Basic.prefab.meta","ADDED","NO","DO_NOT_STAGE","Existing unrelated project/user change; excluded without altering working-tree content"
"UNTRACKED","Assets/Prefabs/Deprecated/Vehicles/Car_Sport.prefab","ADDED","NO","DO_NOT_STAGE","Existing unrelated project/user change; excluded without altering working-tree content"
"UNTRACKED","Assets/Prefabs/Deprecated/Vehicles/Car_Sport.prefab.meta","ADDED","NO","DO_NOT_STAGE","Existing unrelated project/user change; excluded without altering working-tree content"
"UNTRACKED","Assets/Prefabs/Deprecated/Vehicles/Car_Truck.prefab","ADDED","NO","DO_NOT_STAGE","Existing unrelated project/user change; excluded without altering working-tree content"
"UNTRACKED","Assets/Prefabs/Deprecated/Vehicles/Car_Truck.prefab.meta","ADDED","NO","DO_NOT_STAGE","Existing unrelated project/user change; excluded without altering working-tree content"
"WORKTREE_M","Assets/Scenes/MainScene.unity","MODIFIED","NO","DO_NOT_STAGE","Existing unrelated project/user change; excluded without altering working-tree content"
"WORKTREE_M","Assets/Scripts/CarHUD.cs","MODIFIED","NO","DO_NOT_STAGE","Existing unrelated project/user change; excluded without altering working-tree content"
"WORKTREE_M","Assets/Scripts/CarTopDownController.cs","MODIFIED","NO","DO_NOT_STAGE","Existing unrelated project/user change; excluded without altering working-tree content"
"WORKTREE_M","Assets/Scripts/PlayerVehicleInteractor.cs","MODIFIED","NO","DO_NOT_STAGE","Existing unrelated project/user change; excluded without altering working-tree content"
"WORKTREE_M","Assets/Scripts/RiceSway.cs","MODIFIED","NO","DO_NOT_STAGE","Existing unrelated project/user change; excluded without altering working-tree content"
"UNTRACKED","Assets/Scripts/Vehicles.meta","ADDED","NO","DO_NOT_STAGE","Existing unrelated project/user change; excluded without altering working-tree content"
"UNTRACKED","Assets/Scripts/Vehicles/CarAE86Controller.cs","ADDED","NO","DO_NOT_STAGE","Existing unrelated project/user change; excluded without altering working-tree content"
"UNTRACKED","Assets/Scripts/Vehicles/CarAE86Controller.cs.meta","ADDED","NO","DO_NOT_STAGE","Existing unrelated project/user change; excluded without altering working-tree content"
"UNTRACKED","Assets/Scripts/Vehicles/CarAE86DirectionVisual.cs","ADDED","NO","DO_NOT_STAGE","Existing unrelated project/user change; excluded without altering working-tree content"
"UNTRACKED","Assets/Scripts/Vehicles/CarAE86DirectionVisual.cs.meta","ADDED","NO","DO_NOT_STAGE","Existing unrelated project/user change; excluded without altering working-tree content"
"UNTRACKED","Assets/Tests.meta","ADDED","NO","DO_NOT_STAGE","Existing unrelated project/user change; excluded without altering working-tree content"
"UNTRACKED","Assets/Tests/AE86Step1F.meta","ADDED","NO","DO_NOT_STAGE","Existing unrelated project/user change; excluded without altering working-tree content"
"UNTRACKED","Assets/Tests/AE86Step1F/Art.meta","ADDED","NO","DO_NOT_STAGE","Existing unrelated project/user change; excluded without altering working-tree content"
"UNTRACKED","Assets/Tests/AE86Step1F/Art/ae86_000_00_right.png","ADDED","NO","DO_NOT_STAGE","Existing unrelated project/user change; excluded without altering working-tree content"
"UNTRACKED","Assets/Tests/AE86Step1F/Art/ae86_000_00_right.png.meta","ADDED","NO","DO_NOT_STAGE","Existing unrelated project/user change; excluded without altering working-tree content"
"UNTRACKED","Assets/Tests/AE86Step1F/Art/ae86_011_25.png","ADDED","NO","DO_NOT_STAGE","Existing unrelated project/user change; excluded without altering working-tree content"
"UNTRACKED","Assets/Tests/AE86Step1F/Art/ae86_011_25.png.meta","ADDED","NO","DO_NOT_STAGE","Existing unrelated project/user change; excluded without altering working-tree content"
"UNTRACKED","Assets/Tests/AE86Step1F/Art/ae86_022_50.png","ADDED","NO","DO_NOT_STAGE","Existing unrelated project/user change; excluded without altering working-tree content"
"UNTRACKED","Assets/Tests/AE86Step1F/Art/ae86_022_50.png.meta","ADDED","NO","DO_NOT_STAGE","Existing unrelated project/user change; excluded without altering working-tree content"
"UNTRACKED","Assets/Tests/AE86Step1F/Art/ae86_033_75.png","ADDED","NO","DO_NOT_STAGE","Existing unrelated project/user change; excluded without altering working-tree content"
"UNTRACKED","Assets/Tests/AE86Step1F/Art/ae86_033_75.png.meta","ADDED","NO","DO_NOT_STAGE","Existing unrelated project/user change; excluded without altering working-tree content"
"UNTRACKED","Assets/Tests/AE86Step1F/Art/ae86_045_00_upright.png","ADDED","NO","DO_NOT_STAGE","Existing unrelated project/user change; excluded without altering working-tree content"
"UNTRACKED","Assets/Tests/AE86Step1F/Art/ae86_045_00_upright.png.meta","ADDED","NO","DO_NOT_STAGE","Existing unrelated project/user change; excluded without altering working-tree content"
"UNTRACKED","Assets/Tests/AE86Step1F/Art/ae86_056_25.png","ADDED","NO","DO_NOT_STAGE","Existing unrelated project/user change; excluded without altering working-tree content"
"UNTRACKED","Assets/Tests/AE86Step1F/Art/ae86_056_25.png.meta","ADDED","NO","DO_NOT_STAGE","Existing unrelated project/user change; excluded without altering working-tree content"
"UNTRACKED","Assets/Tests/AE86Step1F/Art/ae86_067_50.png","ADDED","NO","DO_NOT_STAGE","Existing unrelated project/user change; excluded without altering working-tree content"
"UNTRACKED","Assets/Tests/AE86Step1F/Art/ae86_067_50.png.meta","ADDED","NO","DO_NOT_STAGE","Existing unrelated project/user change; excluded without altering working-tree content"
"UNTRACKED","Assets/Tests/AE86Step1F/Art/ae86_078_75.png","ADDED","NO","DO_NOT_STAGE","Existing unrelated project/user change; excluded without altering working-tree content"
"UNTRACKED","Assets/Tests/AE86Step1F/Art/ae86_078_75.png.meta","ADDED","NO","DO_NOT_STAGE","Existing unrelated project/user change; excluded without altering working-tree content"
"UNTRACKED","Assets/Tests/AE86Step1F/Art/ae86_090_00_up.png","ADDED","NO","DO_NOT_STAGE","Existing unrelated project/user change; excluded without altering working-tree content"
"UNTRACKED","Assets/Tests/AE86Step1F/Art/ae86_090_00_up.png.meta","ADDED","NO","DO_NOT_STAGE","Existing unrelated project/user change; excluded without altering working-tree content"
"UNTRACKED","Assets/Tests/AE86Step1F/Art/ae86_270_00_down.png","ADDED","NO","DO_NOT_STAGE","Existing unrelated project/user change; excluded without altering working-tree content"
"UNTRACKED","Assets/Tests/AE86Step1F/Art/ae86_270_00_down.png.meta","ADDED","NO","DO_NOT_STAGE","Existing unrelated project/user change; excluded without altering working-tree content"
"UNTRACKED","Assets/Tests/AE86Step1F/Art/ae86_281_25.png","ADDED","NO","DO_NOT_STAGE","Existing unrelated project/user change; excluded without altering working-tree content"
"UNTRACKED","Assets/Tests/AE86Step1F/Art/ae86_281_25.png.meta","ADDED","NO","DO_NOT_STAGE","Existing unrelated project/user change; excluded without altering working-tree content"
"UNTRACKED","Assets/Tests/AE86Step1F/Art/ae86_292_50.png","ADDED","NO","DO_NOT_STAGE","Existing unrelated project/user change; excluded without altering working-tree content"
"UNTRACKED","Assets/Tests/AE86Step1F/Art/ae86_292_50.png.meta","ADDED","NO","DO_NOT_STAGE","Existing unrelated project/user change; excluded without altering working-tree content"
"UNTRACKED","Assets/Tests/AE86Step1F/Art/ae86_303_75.png","ADDED","NO","DO_NOT_STAGE","Existing unrelated project/user change; excluded without altering working-tree content"
"UNTRACKED","Assets/Tests/AE86Step1F/Art/ae86_303_75.png.meta","ADDED","NO","DO_NOT_STAGE","Existing unrelated project/user change; excluded without altering working-tree content"
"UNTRACKED","Assets/Tests/AE86Step1F/Art/ae86_315_00_downright.png","ADDED","NO","DO_NOT_STAGE","Existing unrelated project/user change; excluded without altering working-tree content"
"UNTRACKED","Assets/Tests/AE86Step1F/Art/ae86_315_00_downright.png.meta","ADDED","NO","DO_NOT_STAGE","Existing unrelated project/user change; excluded without altering working-tree content"
"UNTRACKED","Assets/Tests/AE86Step1F/Art/ae86_326_25.png","ADDED","NO","DO_NOT_STAGE","Existing unrelated project/user change; excluded without altering working-tree content"
"UNTRACKED","Assets/Tests/AE86Step1F/Art/ae86_326_25.png.meta","ADDED","NO","DO_NOT_STAGE","Existing unrelated project/user change; excluded without altering working-tree content"
"UNTRACKED","Assets/Tests/AE86Step1F/Art/ae86_337_50.png","ADDED","NO","DO_NOT_STAGE","Existing unrelated project/user change; excluded without altering working-tree content"
"UNTRACKED","Assets/Tests/AE86Step1F/Art/ae86_337_50.png.meta","ADDED","NO","DO_NOT_STAGE","Existing unrelated project/user change; excluded without altering working-tree content"
"UNTRACKED","Assets/Tests/AE86Step1F/Art/ae86_348_75.png","ADDED","NO","DO_NOT_STAGE","Existing unrelated project/user change; excluded without altering working-tree content"
"UNTRACKED","Assets/Tests/AE86Step1F/Art/ae86_348_75.png.meta","ADDED","NO","DO_NOT_STAGE","Existing unrelated project/user change; excluded without altering working-tree content"
"UNTRACKED","Assets/Tests/AE86Step1F/Art/step1g_test_background.png","ADDED","NO","DO_NOT_STAGE","Existing unrelated project/user change; excluded without altering working-tree content"
"UNTRACKED","Assets/Tests/AE86Step1F/Art/step1g_test_background.png.meta","ADDED","NO","DO_NOT_STAGE","Existing unrelated project/user change; excluded without altering working-tree content"
"UNTRACKED","Assets/Tests/AE86Step1F/Editor.meta","ADDED","NO","DO_NOT_STAGE","Existing unrelated project/user change; excluded without altering working-tree content"
"UNTRACKED","Assets/Tests/AE86Step1F/Editor/AE86Step1FUnityTestBuilder.cs","ADDED","NO","DO_NOT_STAGE","Existing unrelated project/user change; excluded without altering working-tree content"
"UNTRACKED","Assets/Tests/AE86Step1F/Editor/AE86Step1FUnityTestBuilder.cs.meta","ADDED","NO","DO_NOT_STAGE","Existing unrelated project/user change; excluded without altering working-tree content"
"UNTRACKED","Assets/Tests/AE86Step1F/Prefabs.meta","ADDED","NO","DO_NOT_STAGE","Existing unrelated project/user change; excluded without altering working-tree content"
"UNTRACKED","Assets/Tests/AE86Step1F/Prefabs/Car_AE86_Step1F_Test.prefab","ADDED","NO","DO_NOT_STAGE","Existing unrelated project/user change; excluded without altering working-tree content"
"UNTRACKED","Assets/Tests/AE86Step1F/Prefabs/Car_AE86_Step1F_Test.prefab.meta","ADDED","NO","DO_NOT_STAGE","Existing unrelated project/user change; excluded without altering working-tree content"
"UNTRACKED","Assets/Tests/AE86Step1F/Runtime.meta","ADDED","NO","DO_NOT_STAGE","Existing unrelated project/user change; excluded without altering working-tree content"
"UNTRACKED","Assets/Tests/AE86Step1F/Runtime/AE86Step1FTestControlBootstrap.cs","ADDED","NO","DO_NOT_STAGE","Existing unrelated project/user change; excluded without altering working-tree content"
"UNTRACKED","Assets/Tests/AE86Step1F/Runtime/AE86Step1FTestControlBootstrap.cs.meta","ADDED","NO","DO_NOT_STAGE","Existing unrelated project/user change; excluded without altering working-tree content"
"UNTRACKED","Assets/Tests/AE86Step1F/Runtime/AE86Step1FTestOverlay.cs","ADDED","NO","DO_NOT_STAGE","Existing unrelated project/user change; excluded without altering working-tree content"
"UNTRACKED","Assets/Tests/AE86Step1F/Runtime/AE86Step1FTestOverlay.cs.meta","ADDED","NO","DO_NOT_STAGE","Existing unrelated project/user change; excluded without altering working-tree content"
"UNTRACKED","Assets/Tests/AE86Step1F/Scenes.meta","ADDED","NO","DO_NOT_STAGE","Existing unrelated project/user change; excluded without altering working-tree content"
"UNTRACKED","Assets/Tests/AE86Step1F/Scenes/AE86_Step1F_RuntimeTest.unity","ADDED","NO","DO_NOT_STAGE","Existing unrelated project/user change; excluded without altering working-tree content"
"UNTRACKED","Assets/Tests/AE86Step1F/Scenes/AE86_Step1F_RuntimeTest.unity.meta","ADDED","NO","DO_NOT_STAGE","Existing unrelated project/user change; excluded without altering working-tree content"
"INDEX_A","Docs/AE86Production32Fix/_Archive_PreFinal/_WorkspaceImportTool/Editor.meta","ADDED","YES","STAGE","Approved historical AE86 production archive"
"INDEX_A","Docs/AE86Production32Fix/_Archive_PreFinal/_WorkspaceImportTool/Editor/AE86FinalWorkspaceImportSetup.cs","ADDED","YES","STAGE","Approved historical AE86 production archive"
"INDEX_A","Docs/AE86Production32Fix/_Archive_PreFinal/_WorkspaceImportTool/Editor/AE86FinalWorkspaceImportSetup.cs.meta","ADDED","YES","STAGE","Approved historical AE86 production archive"
"INDEX_A","Docs/AE86Production32Fix/_Archive_PreFinal/_WorkspaceImportTool/unity_final_refresh.log","ADDED","YES","STAGE","Approved historical AE86 production archive"
"INDEX_A","Docs/AE86Production32Fix/_Archive_PreFinal/_WorkspaceImportTool/unity_import_editor.log","ADDED","YES","STAGE","Approved historical AE86 production archive"
"INDEX_A","Docs/AE86Production32Fix/_Archive_PreFinal/archive_path_mapping.csv","ADDED","YES","STAGE","Approved historical AE86 production archive"
"INDEX_A","Docs/AE86Production32Fix/_Archive_PreFinal/archive_readme.md","ADDED","YES","STAGE","Approved historical AE86 production archive"
"INDEX_A","Docs/AE86Production32Fix/_Archive_PreFinal/protected_assets_after.sha256","ADDED","YES","STAGE","Approved historical AE86 production archive"
"INDEX_A","Docs/AE86Production32Fix/_Archive_PreFinal/Step1_Candidates/candidate_full32_preview.png","ADDED","YES","STAGE","Approved historical AE86 production archive"
"INDEX_A","Docs/AE86Production32Fix/_Archive_PreFinal/Step1_Candidates/candidate_metrics.csv","ADDED","YES","STAGE","Approved historical AE86 production archive"
"INDEX_A","Docs/AE86Production32Fix/_Archive_PreFinal/Step1_Candidates/candidate_neighbor_review.png","ADDED","YES","STAGE","Approved historical AE86 production archive"
"INDEX_A","Docs/AE86Production32Fix/_Archive_PreFinal/Step1_Candidates/candidates17_contact_sheet.png","ADDED","YES","STAGE","Approved historical AE86 production archive"
"INDEX_A","Docs/AE86Production32Fix/_Archive_PreFinal/Step1_Candidates/PNG/slot_01_78.75_candidate.png","ADDED","YES","STAGE","Approved historical AE86 production archive"
"INDEX_A","Docs/AE86Production32Fix/_Archive_PreFinal/Step1_Candidates/PNG/slot_02_67.50_candidate.png","ADDED","YES","STAGE","Approved historical AE86 production archive"
"INDEX_A","Docs/AE86Production32Fix/_Archive_PreFinal/Step1_Candidates/PNG/slot_03_56.25_candidate.png","ADDED","YES","STAGE","Approved historical AE86 production archive"
"INDEX_A","Docs/AE86Production32Fix/_Archive_PreFinal/Step1_Candidates/PNG/slot_04_45.00_candidate.png","ADDED","YES","STAGE","Approved historical AE86 production archive"
"INDEX_A","Docs/AE86Production32Fix/_Archive_PreFinal/Step1_Candidates/PNG/slot_05_33.75_candidate.png","ADDED","YES","STAGE","Approved historical AE86 production archive"
"INDEX_A","Docs/AE86Production32Fix/_Archive_PreFinal/Step1_Candidates/PNG/slot_08_0.00_center_preview.png","ADDED","YES","STAGE","Approved historical AE86 production archive"
"INDEX_A","Docs/AE86Production32Fix/_Archive_PreFinal/Step1_Candidates/PNG/slot_10_337.50_candidate.png","ADDED","YES","STAGE","Approved historical AE86 production archive"
"INDEX_A","Docs/AE86Production32Fix/_Archive_PreFinal/Step1_Candidates/PNG/slot_11_326.25_candidate.png","ADDED","YES","STAGE","Approved historical AE86 production archive"
"INDEX_A","Docs/AE86Production32Fix/_Archive_PreFinal/Step1_Candidates/PNG/slot_12_315.00_candidate.png","ADDED","YES","STAGE","Approved historical AE86 production archive"
"INDEX_A","Docs/AE86Production32Fix/_Archive_PreFinal/Step1_Candidates/PNG/slot_13_303.75_candidate.png","ADDED","YES","STAGE","Approved historical AE86 production archive"
"INDEX_A","Docs/AE86Production32Fix/_Archive_PreFinal/Step1_Candidates/PNG/slot_14_292.50_candidate.png","ADDED","YES","STAGE","Approved historical AE86 production archive"
"INDEX_A","Docs/AE86Production32Fix/_Archive_PreFinal/Step1_Candidates/PNG/slot_15_281.25_candidate.png","ADDED","YES","STAGE","Approved historical AE86 production archive"
"INDEX_A","Docs/AE86Production32Fix/_Archive_PreFinal/Step1_Candidates/Prompts/slot_06_22.50_angle_reference.png","ADDED","YES","STAGE","Approved historical AE86 production archive"
"INDEX_A","Docs/AE86Production32Fix/_Archive_PreFinal/Step1_Candidates/Prompts/slot_06_22.50_prompt.txt","ADDED","YES","STAGE","Approved historical AE86 production archive"
"INDEX_A","Docs/AE86Production32Fix/_Archive_PreFinal/Step1_Candidates/Prompts/slot_07_11.25_angle_reference.png","ADDED","YES","STAGE","Approved historical AE86 production archive"
"INDEX_A","Docs/AE86Production32Fix/_Archive_PreFinal/Step1_Candidates/Prompts/slot_07_11.25_prompt.txt","ADDED","YES","STAGE","Approved historical AE86 production archive"
"INDEX_A","Docs/AE86Production32Fix/_Archive_PreFinal/Step1_Candidates/Prompts/slot_09_348.75_angle_reference.png","ADDED","YES","STAGE","Approved historical AE86 production archive"
"INDEX_A","Docs/AE86Production32Fix/_Archive_PreFinal/Step1_Candidates/Prompts/slot_09_348.75_prompt.txt","ADDED","YES","STAGE","Approved historical AE86 production archive"
"INDEX_A","Docs/AE86Production32Fix/_Archive_PreFinal/Step1_Candidates/source_inventory.md","ADDED","YES","STAGE","Approved historical AE86 production archive"
"INDEX_A","Docs/AE86Production32Fix/_Archive_PreFinal/Step1_Candidates/step1_candidate_report.md","ADDED","YES","STAGE","Approved historical AE86 production archive"
"INDEX_A","Docs/AE86Production32Fix/_Archive_PreFinal/Step1_Candidates/Tools/AE86Step1Builder.cs","ADDED","YES","STAGE","Approved historical AE86 production archive"
"INDEX_A","Docs/AE86Production32Fix/_Archive_PreFinal/Step1B_FinalSix/final_candidate_full32_preview.png","ADDED","YES","STAGE","Approved historical AE86 production archive"
"INDEX_A","Docs/AE86Production32Fix/_Archive_PreFinal/Step1B_FinalSix/final_candidate_neighbor_review.png","ADDED","YES","STAGE","Approved historical AE86 production archive"
"INDEX_A","Docs/AE86Production32Fix/_Archive_PreFinal/Step1B_FinalSix/final_candidates17_contact_sheet.png","ADDED","YES","STAGE","Approved historical AE86 production archive"
"INDEX_A","Docs/AE86Production32Fix/_Archive_PreFinal/Step1B_FinalSix/final_six_contact_sheet.png","ADDED","YES","STAGE","Approved historical AE86 production archive"
"INDEX_A","Docs/AE86Production32Fix/_Archive_PreFinal/Step1B_FinalSix/final_six_metrics.csv","ADDED","YES","STAGE","Approved historical AE86 production archive"
"INDEX_A","Docs/AE86Production32Fix/_Archive_PreFinal/Step1B_FinalSix/PNG/README.md","ADDED","YES","STAGE","Approved historical AE86 production archive"
"INDEX_A","Docs/AE86Production32Fix/_Archive_PreFinal/Step1B_FinalSix/Prompts/slot_01_78.75_prompt.txt","ADDED","YES","STAGE","Approved historical AE86 production archive"
"INDEX_A","Docs/AE86Production32Fix/_Archive_PreFinal/Step1B_FinalSix/Prompts/slot_06_22.50_prompt.txt","ADDED","YES","STAGE","Approved historical AE86 production archive"
"INDEX_A","Docs/AE86Production32Fix/_Archive_PreFinal/Step1B_FinalSix/Prompts/slot_07_11.25_prompt.txt","ADDED","YES","STAGE","Approved historical AE86 production archive"
"INDEX_A","Docs/AE86Production32Fix/_Archive_PreFinal/Step1B_FinalSix/Prompts/slot_09_348.75_prompt.txt","ADDED","YES","STAGE","Approved historical AE86 production archive"
"INDEX_A","Docs/AE86Production32Fix/_Archive_PreFinal/Step1B_FinalSix/Prompts/slot_14_292.50_prompt.txt","ADDED","YES","STAGE","Approved historical AE86 production archive"
"INDEX_A","Docs/AE86Production32Fix/_Archive_PreFinal/Step1B_FinalSix/Prompts/slot_15_281.25_prompt.txt","ADDED","YES","STAGE","Approved historical AE86 production archive"
"INDEX_A","Docs/AE86Production32Fix/_Archive_PreFinal/Step1B_FinalSix/References/slot_01_78.75_neighbor_triplet.png","ADDED","YES","STAGE","Approved historical AE86 production archive"
"INDEX_A","Docs/AE86Production32Fix/_Archive_PreFinal/Step1B_FinalSix/References/slot_01_78.75_reference.png","ADDED","YES","STAGE","Approved historical AE86 production archive"
"INDEX_A","Docs/AE86Production32Fix/_Archive_PreFinal/Step1B_FinalSix/References/slot_06_22.50_neighbor_triplet.png","ADDED","YES","STAGE","Approved historical AE86 production archive"
"INDEX_A","Docs/AE86Production32Fix/_Archive_PreFinal/Step1B_FinalSix/References/slot_06_22.50_reference.png","ADDED","YES","STAGE","Approved historical AE86 production archive"
"INDEX_A","Docs/AE86Production32Fix/_Archive_PreFinal/Step1B_FinalSix/References/slot_07_11.25_neighbor_triplet.png","ADDED","YES","STAGE","Approved historical AE86 production archive"
"INDEX_A","Docs/AE86Production32Fix/_Archive_PreFinal/Step1B_FinalSix/References/slot_07_11.25_reference.png","ADDED","YES","STAGE","Approved historical AE86 production archive"
"INDEX_A","Docs/AE86Production32Fix/_Archive_PreFinal/Step1B_FinalSix/References/slot_09_348.75_neighbor_triplet.png","ADDED","YES","STAGE","Approved historical AE86 production archive"
"INDEX_A","Docs/AE86Production32Fix/_Archive_PreFinal/Step1B_FinalSix/References/slot_09_348.75_reference.png","ADDED","YES","STAGE","Approved historical AE86 production archive"
"INDEX_A","Docs/AE86Production32Fix/_Archive_PreFinal/Step1B_FinalSix/References/slot_14_292.50_neighbor_triplet.png","ADDED","YES","STAGE","Approved historical AE86 production archive"
"INDEX_A","Docs/AE86Production32Fix/_Archive_PreFinal/Step1B_FinalSix/References/slot_14_292.50_reference.png","ADDED","YES","STAGE","Approved historical AE86 production archive"
"INDEX_A","Docs/AE86Production32Fix/_Archive_PreFinal/Step1B_FinalSix/References/slot_15_281.25_neighbor_triplet.png","ADDED","YES","STAGE","Approved historical AE86 production archive"
"INDEX_A","Docs/AE86Production32Fix/_Archive_PreFinal/Step1B_FinalSix/References/slot_15_281.25_reference.png","ADDED","YES","STAGE","Approved historical AE86 production archive"
"INDEX_A","Docs/AE86Production32Fix/_Archive_PreFinal/Step1B_FinalSix/Reports/Tools/AE86Step1BBuilder.cs","ADDED","YES","STAGE","Approved historical AE86 production archive"
"INDEX_A","Docs/AE86Production32Fix/_Archive_PreFinal/Step1B_FinalSix/step1b_final_six_report.md","ADDED","YES","STAGE","Approved historical AE86 production archive"
"INDEX_A","Docs/AE86Production32Fix/_Archive_PreFinal/Step1C_FinalCandidates/PNG/slot_10_337.50_scale_fixed_candidate.png","ADDED","YES","STAGE","Approved historical AE86 production archive"
"INDEX_A","Docs/AE86Production32Fix/_Archive_PreFinal/Step1C_FinalCandidates/Previews/step1c_final_seven_review.png","ADDED","YES","STAGE","Approved historical AE86 production archive"
"INDEX_A","Docs/AE86Production32Fix/_Archive_PreFinal/Step1C_FinalCandidates/Previews/step1c_final17_contact_sheet.png","ADDED","YES","STAGE","Approved historical AE86 production archive"
"INDEX_A","Docs/AE86Production32Fix/_Archive_PreFinal/Step1C_FinalCandidates/Previews/step1c_full32_preview.png","ADDED","YES","STAGE","Approved historical AE86 production archive"
"INDEX_A","Docs/AE86Production32Fix/_Archive_PreFinal/Step1C_FinalCandidates/Previews/step1c_neighbor_review.png","ADDED","YES","STAGE","Approved historical AE86 production archive"
"INDEX_A","Docs/AE86Production32Fix/_Archive_PreFinal/Step1C_FinalCandidates/Reports/step1c_metrics.csv","ADDED","YES","STAGE","Approved historical AE86 production archive"
"INDEX_A","Docs/AE86Production32Fix/_Archive_PreFinal/Step1C_FinalCandidates/Reports/step1c_report.md","ADDED","YES","STAGE","Approved historical AE86 production archive"
"INDEX_A","Docs/AE86Production32Fix/_Archive_PreFinal/Step1C_FinalCandidates/Reports/Tools/AE86Step1CBuilder.cs","ADDED","YES","STAGE","Approved historical AE86 production archive"
"INDEX_A","Docs/AE86Production32Fix/_Archive_PreFinal/Step1C_HybridLocal/PNG/slot_00_90.00_hybrid.png","ADDED","YES","STAGE","Approved historical AE86 production archive"
"INDEX_A","Docs/AE86Production32Fix/_Archive_PreFinal/Step1C_HybridLocal/PNG/slot_01_78.75_hybrid.png","ADDED","YES","STAGE","Approved historical AE86 production archive"
"INDEX_A","Docs/AE86Production32Fix/_Archive_PreFinal/Step1C_HybridLocal/PNG/slot_02_67.50_hybrid.png","ADDED","YES","STAGE","Approved historical AE86 production archive"
"INDEX_A","Docs/AE86Production32Fix/_Archive_PreFinal/Step1C_HybridLocal/PNG/slot_03_56.25_hybrid.png","ADDED","YES","STAGE","Approved historical AE86 production archive"
"INDEX_A","Docs/AE86Production32Fix/_Archive_PreFinal/Step1C_HybridLocal/PNG/slot_04_45.00_hybrid.png","ADDED","YES","STAGE","Approved historical AE86 production archive"
"INDEX_A","Docs/AE86Production32Fix/_Archive_PreFinal/Step1C_HybridLocal/PNG/slot_05_33.75_hybrid.png","ADDED","YES","STAGE","Approved historical AE86 production archive"
"INDEX_A","Docs/AE86Production32Fix/_Archive_PreFinal/Step1C_HybridLocal/PNG/slot_06_22.50_original_local.png","ADDED","YES","STAGE","Approved historical AE86 production archive"
"INDEX_A","Docs/AE86Production32Fix/_Archive_PreFinal/Step1C_HybridLocal/PNG/slot_06_22.50_scale_normalized.png","ADDED","YES","STAGE","Approved historical AE86 production archive"
"INDEX_A","Docs/AE86Production32Fix/_Archive_PreFinal/Step1C_HybridLocal/PNG/slot_07_11.25_hybrid.png","ADDED","YES","STAGE","Approved historical AE86 production archive"
"INDEX_A","Docs/AE86Production32Fix/_Archive_PreFinal/Step1C_HybridLocal/PNG/slot_08_0.00_hybrid.png","ADDED","YES","STAGE","Approved historical AE86 production archive"
"INDEX_A","Docs/AE86Production32Fix/_Archive_PreFinal/Step1C_HybridLocal/PNG/slot_09_348.75_hybrid.png","ADDED","YES","STAGE","Approved historical AE86 production archive"
"INDEX_A","Docs/AE86Production32Fix/_Archive_PreFinal/Step1C_HybridLocal/PNG/slot_10_337.50_hybrid.png","ADDED","YES","STAGE","Approved historical AE86 production archive"
"INDEX_A","Docs/AE86Production32Fix/_Archive_PreFinal/Step1C_HybridLocal/PNG/slot_11_326.25_hybrid.png","ADDED","YES","STAGE","Approved historical AE86 production archive"
"INDEX_A","Docs/AE86Production32Fix/_Archive_PreFinal/Step1C_HybridLocal/PNG/slot_12_315.00_hybrid.png","ADDED","YES","STAGE","Approved historical AE86 production archive"
"INDEX_A","Docs/AE86Production32Fix/_Archive_PreFinal/Step1C_HybridLocal/PNG/slot_13_303.75_hybrid.png","ADDED","YES","STAGE","Approved historical AE86 production archive"
"INDEX_A","Docs/AE86Production32Fix/_Archive_PreFinal/Step1C_HybridLocal/PNG/slot_14_292.50_hybrid.png","ADDED","YES","STAGE","Approved historical AE86 production archive"
"INDEX_A","Docs/AE86Production32Fix/_Archive_PreFinal/Step1C_HybridLocal/PNG/slot_15_281.25_hybrid.png","ADDED","YES","STAGE","Approved historical AE86 production archive"
"INDEX_A","Docs/AE86Production32Fix/_Archive_PreFinal/Step1C_HybridLocal/PNG/slot_16_270.00_hybrid.png","ADDED","YES","STAGE","Approved historical AE86 production archive"
"INDEX_A","Docs/AE86Production32Fix/_Archive_PreFinal/Step1C_HybridLocal/Previews/hybrid_local_17_contact_sheet.png","ADDED","YES","STAGE","Approved historical AE86 production archive"
"INDEX_A","Docs/AE86Production32Fix/_Archive_PreFinal/Step1C_HybridLocal/Previews/hybrid_local_full32_preview.png","ADDED","YES","STAGE","Approved historical AE86 production archive"
"INDEX_A","Docs/AE86Production32Fix/_Archive_PreFinal/Step1C_HybridLocal/Previews/hybrid_local_neighbor_review.png","ADDED","YES","STAGE","Approved historical AE86 production archive"
"INDEX_A","Docs/AE86Production32Fix/_Archive_PreFinal/Step1C_HybridLocal/Previews/hybrid_local_slot06_comparison.png","ADDED","YES","STAGE","Approved historical AE86 production archive"
"INDEX_A","Docs/AE86Production32Fix/_Archive_PreFinal/Step1C_HybridLocal/Previews/hybrid_local_slot09_10_11_comparison.png","ADDED","YES","STAGE","Approved historical AE86 production archive"
"INDEX_A","Docs/AE86Production32Fix/_Archive_PreFinal/Step1C_HybridLocal/Reports/hybrid_local_metrics.csv","ADDED","YES","STAGE","Approved historical AE86 production archive"
"INDEX_A","Docs/AE86Production32Fix/_Archive_PreFinal/Step1C_HybridLocal/Reports/hybrid_local_report.md","ADDED","YES","STAGE","Approved historical AE86 production archive"
"INDEX_A","Docs/AE86Production32Fix/_Archive_PreFinal/Step1C_HybridLocal/Reports/Tools/AE86Step1CHybridBuilder.cs","ADDED","YES","STAGE","Approved historical AE86 production archive"
"INDEX_A","Docs/AE86Production32Fix/_Archive_PreFinal/Step1D_LocalFlipRecovery/PNG/slot_00_90.00_step1d.png","ADDED","YES","STAGE","Approved historical AE86 production archive"
"INDEX_A","Docs/AE86Production32Fix/_Archive_PreFinal/Step1D_LocalFlipRecovery/PNG/slot_01_78.75_step1d.png","ADDED","YES","STAGE","Approved historical AE86 production archive"
"INDEX_A","Docs/AE86Production32Fix/_Archive_PreFinal/Step1D_LocalFlipRecovery/PNG/slot_02_67.50_step1d.png","ADDED","YES","STAGE","Approved historical AE86 production archive"
"INDEX_A","Docs/AE86Production32Fix/_Archive_PreFinal/Step1D_LocalFlipRecovery/PNG/slot_03_56.25_step1d.png","ADDED","YES","STAGE","Approved historical AE86 production archive"
"INDEX_A","Docs/AE86Production32Fix/_Archive_PreFinal/Step1D_LocalFlipRecovery/PNG/slot_04_45.00_step1d.png","ADDED","YES","STAGE","Approved historical AE86 production archive"
"INDEX_A","Docs/AE86Production32Fix/_Archive_PreFinal/Step1D_LocalFlipRecovery/PNG/slot_05_33.75_step1d.png","ADDED","YES","STAGE","Approved historical AE86 production archive"
"INDEX_A","Docs/AE86Production32Fix/_Archive_PreFinal/Step1D_LocalFlipRecovery/PNG/slot_06_22.50_step1d.png","ADDED","YES","STAGE","Approved historical AE86 production archive"
"INDEX_A","Docs/AE86Production32Fix/_Archive_PreFinal/Step1D_LocalFlipRecovery/PNG/slot_07_11.25_original.png","ADDED","YES","STAGE","Approved historical AE86 production archive"
"INDEX_A","Docs/AE86Production32Fix/_Archive_PreFinal/Step1D_LocalFlipRecovery/PNG/slot_07_11.25_scale_normalized.png","ADDED","YES","STAGE","Approved historical AE86 production archive"
"INDEX_A","Docs/AE86Production32Fix/_Archive_PreFinal/Step1D_LocalFlipRecovery/PNG/slot_07_11.25_step1d.png","ADDED","YES","STAGE","Approved historical AE86 production archive"
"INDEX_A","Docs/AE86Production32Fix/_Archive_PreFinal/Step1D_LocalFlipRecovery/PNG/slot_08_0.00_step1d.png","ADDED","YES","STAGE","Approved historical AE86 production archive"
"INDEX_A","Docs/AE86Production32Fix/_Archive_PreFinal/Step1D_LocalFlipRecovery/PNG/slot_09_348.75_step1d.png","ADDED","YES","STAGE","Approved historical AE86 production archive"
"INDEX_A","Docs/AE86Production32Fix/_Archive_PreFinal/Step1D_LocalFlipRecovery/PNG/slot_10_337.50_step1d.png","ADDED","YES","STAGE","Approved historical AE86 production archive"
"INDEX_A","Docs/AE86Production32Fix/_Archive_PreFinal/Step1D_LocalFlipRecovery/PNG/slot_11_326.25_step1d.png","ADDED","YES","STAGE","Approved historical AE86 production archive"
"INDEX_A","Docs/AE86Production32Fix/_Archive_PreFinal/Step1D_LocalFlipRecovery/PNG/slot_12_315.00_step1d.png","ADDED","YES","STAGE","Approved historical AE86 production archive"
"INDEX_A","Docs/AE86Production32Fix/_Archive_PreFinal/Step1D_LocalFlipRecovery/PNG/slot_13_303.75_step1d.png","ADDED","YES","STAGE","Approved historical AE86 production archive"
"INDEX_A","Docs/AE86Production32Fix/_Archive_PreFinal/Step1D_LocalFlipRecovery/PNG/slot_14_292.50_step1d.png","ADDED","YES","STAGE","Approved historical AE86 production archive"
"INDEX_A","Docs/AE86Production32Fix/_Archive_PreFinal/Step1D_LocalFlipRecovery/PNG/slot_15_281.25_step1d.png","ADDED","YES","STAGE","Approved historical AE86 production archive"
"INDEX_A","Docs/AE86Production32Fix/_Archive_PreFinal/Step1D_LocalFlipRecovery/PNG/slot_16_270.00_step1d.png","ADDED","YES","STAGE","Approved historical AE86 production archive"
"INDEX_A","Docs/AE86Production32Fix/_Archive_PreFinal/Step1D_LocalFlipRecovery/Previews/step1d_17_contact_sheet.png","ADDED","YES","STAGE","Approved historical AE86 production archive"
"INDEX_A","Docs/AE86Production32Fix/_Archive_PreFinal/Step1D_LocalFlipRecovery/Previews/step1d_full32_preview.png","ADDED","YES","STAGE","Approved historical AE86 production archive"
"INDEX_A","Docs/AE86Production32Fix/_Archive_PreFinal/Step1D_LocalFlipRecovery/Previews/step1d_neighbor_review.png","ADDED","YES","STAGE","Approved historical AE86 production archive"
"INDEX_A","Docs/AE86Production32Fix/_Archive_PreFinal/Step1D_LocalFlipRecovery/Previews/step1d_repaired_slots_review.png","ADDED","YES","STAGE","Approved historical AE86 production archive"
"INDEX_A","Docs/AE86Production32Fix/_Archive_PreFinal/Step1D_LocalFlipRecovery/Previews/step1d_slot07_comparison.png","ADDED","YES","STAGE","Approved historical AE86 production archive"
"INDEX_A","Docs/AE86Production32Fix/_Archive_PreFinal/Step1D_LocalFlipRecovery/Reports/step1d_metrics.csv","ADDED","YES","STAGE","Approved historical AE86 production archive"
"INDEX_A","Docs/AE86Production32Fix/_Archive_PreFinal/Step1D_LocalFlipRecovery/Reports/step1d_report.md","ADDED","YES","STAGE","Approved historical AE86 production archive"
"INDEX_A","Docs/AE86Production32Fix/_Archive_PreFinal/Step1D_LocalFlipRecovery/Reports/Tools/AE86Step1DBuilder.cs","ADDED","YES","STAGE","Approved historical AE86 production archive"
"INDEX_A","Docs/AE86Production32Fix/_Archive_PreFinal/Step1E_ThreeMissingPoses/PNG/slot_06_22.50_step1e.png","ADDED","YES","STAGE","Approved historical AE86 production archive"
"INDEX_A","Docs/AE86Production32Fix/_Archive_PreFinal/Step1E_ThreeMissingPoses/PNG/slot_09_348.75_step1e.png","ADDED","YES","STAGE","Approved historical AE86 production archive"
"INDEX_A","Docs/AE86Production32Fix/_Archive_PreFinal/Step1E_ThreeMissingPoses/PNG/slot_14_292.50_step1e.png","ADDED","YES","STAGE","Approved historical AE86 production archive"
"INDEX_A","Docs/AE86Production32Fix/_Archive_PreFinal/Step1E_ThreeMissingPoses/Previews/step1e_17_contact_sheet.png","ADDED","YES","STAGE","Approved historical AE86 production archive"
"INDEX_A","Docs/AE86Production32Fix/_Archive_PreFinal/Step1E_ThreeMissingPoses/Previews/step1e_full32_preview.png","ADDED","YES","STAGE","Approved historical AE86 production archive"
"INDEX_A","Docs/AE86Production32Fix/_Archive_PreFinal/Step1E_ThreeMissingPoses/Previews/step1e_neighbor_review.png","ADDED","YES","STAGE","Approved historical AE86 production archive"
"INDEX_A","Docs/AE86Production32Fix/_Archive_PreFinal/Step1E_ThreeMissingPoses/Previews/step1e_three_slots_review.png","ADDED","YES","STAGE","Approved historical AE86 production archive"
"INDEX_A","Docs/AE86Production32Fix/_Archive_PreFinal/Step1E_ThreeMissingPoses/Prompts/slot_06_22.50_prompt.txt","ADDED","YES","STAGE","Approved historical AE86 production archive"
"INDEX_A","Docs/AE86Production32Fix/_Archive_PreFinal/Step1E_ThreeMissingPoses/Prompts/slot_09_348.75_prompt.txt","ADDED","YES","STAGE","Approved historical AE86 production archive"
"INDEX_A","Docs/AE86Production32Fix/_Archive_PreFinal/Step1E_ThreeMissingPoses/Prompts/slot_14_292.50_prompt.txt","ADDED","YES","STAGE","Approved historical AE86 production archive"
"INDEX_A","Docs/AE86Production32Fix/_Archive_PreFinal/Step1E_ThreeMissingPoses/References/slot_06_generated_raw.png","ADDED","YES","STAGE","Approved historical AE86 production archive"
"INDEX_A","Docs/AE86Production32Fix/_Archive_PreFinal/Step1E_ThreeMissingPoses/References/slot_06_generated_raw_rejected_shallow.png","ADDED","YES","STAGE","Approved historical AE86 production archive"
"INDEX_A","Docs/AE86Production32Fix/_Archive_PreFinal/Step1E_ThreeMissingPoses/References/slot_06_generated_raw_rejected_sideview.png","ADDED","YES","STAGE","Approved historical AE86 production archive"
"INDEX_A","Docs/AE86Production32Fix/_Archive_PreFinal/Step1E_ThreeMissingPoses/References/slot_06_neighbor_triplet.png","ADDED","YES","STAGE","Approved historical AE86 production archive"
"INDEX_A","Docs/AE86Production32Fix/_Archive_PreFinal/Step1E_ThreeMissingPoses/References/slot_09_generated_raw.png","ADDED","YES","STAGE","Approved historical AE86 production archive"
"INDEX_A","Docs/AE86Production32Fix/_Archive_PreFinal/Step1E_ThreeMissingPoses/References/slot_09_neighbor_triplet.png","ADDED","YES","STAGE","Approved historical AE86 production archive"
"INDEX_A","Docs/AE86Production32Fix/_Archive_PreFinal/Step1E_ThreeMissingPoses/References/slot_14_generated_raw.png","ADDED","YES","STAGE","Approved historical AE86 production archive"
"INDEX_A","Docs/AE86Production32Fix/_Archive_PreFinal/Step1E_ThreeMissingPoses/References/slot_14_generated_raw_rejected_broad.png","ADDED","YES","STAGE","Approved historical AE86 production archive"
"INDEX_A","Docs/AE86Production32Fix/_Archive_PreFinal/Step1E_ThreeMissingPoses/References/slot_14_neighbor_triplet.png","ADDED","YES","STAGE","Approved historical AE86 production archive"
"INDEX_A","Docs/AE86Production32Fix/_Archive_PreFinal/Step1E_ThreeMissingPoses/Reports/step1e_metrics.csv","ADDED","YES","STAGE","Approved historical AE86 production archive"
"INDEX_A","Docs/AE86Production32Fix/_Archive_PreFinal/Step1E_ThreeMissingPoses/Reports/step1e_report.md","ADDED","YES","STAGE","Approved historical AE86 production archive"
"INDEX_A","Docs/AE86Production32Fix/_Archive_PreFinal/Step1E_ThreeMissingPoses/Reports/Tools/AE86Step1EBuilder.cs","ADDED","YES","STAGE","Approved historical AE86 production archive"
"INDEX_A","Docs/AE86Production32Fix/_Archive_PreFinal/Step1E_ThreeMissingPoses/Reports/Tools/AE86Step1EBuilder.exe","ADDED","YES","STAGE","Approved historical AE86 production archive"
"INDEX_A","Docs/AE86Production32Fix/_Archive_PreFinal/Step1F_IdentityRedraw/Candidates/slot_06_candidate_A.png","ADDED","YES","STAGE","Approved historical AE86 production archive"
"INDEX_A","Docs/AE86Production32Fix/_Archive_PreFinal/Step1F_IdentityRedraw/Candidates/slot_06_candidate_B.png","ADDED","YES","STAGE","Approved historical AE86 production archive"
"INDEX_A","Docs/AE86Production32Fix/_Archive_PreFinal/Step1F_IdentityRedraw/Candidates/slot_06_candidate_C.png","ADDED","YES","STAGE","Approved historical AE86 production archive"
"INDEX_A","Docs/AE86Production32Fix/_Archive_PreFinal/Step1F_IdentityRedraw/Candidates/slot_09_candidate_A.png","ADDED","YES","STAGE","Approved historical AE86 production archive"
"INDEX_A","Docs/AE86Production32Fix/_Archive_PreFinal/Step1F_IdentityRedraw/Candidates/slot_09_candidate_B.png","ADDED","YES","STAGE","Approved historical AE86 production archive"
"INDEX_A","Docs/AE86Production32Fix/_Archive_PreFinal/Step1F_IdentityRedraw/Candidates/slot_09_candidate_C.png","ADDED","YES","STAGE","Approved historical AE86 production archive"
"INDEX_A","Docs/AE86Production32Fix/_Archive_PreFinal/Step1F_IdentityRedraw/Candidates/slot_14_candidate_A.png","ADDED","YES","STAGE","Approved historical AE86 production archive"
"INDEX_A","Docs/AE86Production32Fix/_Archive_PreFinal/Step1F_IdentityRedraw/Candidates/slot_14_candidate_B.png","ADDED","YES","STAGE","Approved historical AE86 production archive"
"INDEX_A","Docs/AE86Production32Fix/_Archive_PreFinal/Step1F_IdentityRedraw/Candidates/slot_14_candidate_C.png","ADDED","YES","STAGE","Approved historical AE86 production archive"
"INDEX_A","Docs/AE86Production32Fix/_Archive_PreFinal/Step1F_IdentityRedraw/PNG/slot_06_22.50_step1f.png","ADDED","YES","STAGE","Approved historical AE86 production archive"
"INDEX_A","Docs/AE86Production32Fix/_Archive_PreFinal/Step1F_IdentityRedraw/PNG/slot_09_348.75_step1f.png","ADDED","YES","STAGE","Approved historical AE86 production archive"
"INDEX_A","Docs/AE86Production32Fix/_Archive_PreFinal/Step1F_IdentityRedraw/PNG/slot_14_292.50_step1f.png","ADDED","YES","STAGE","Approved historical AE86 production archive"
"INDEX_A","Docs/AE86Production32Fix/_Archive_PreFinal/Step1F_IdentityRedraw/Previews/step1f_17_contact_sheet.png","ADDED","YES","STAGE","Approved historical AE86 production archive"
"INDEX_A","Docs/AE86Production32Fix/_Archive_PreFinal/Step1F_IdentityRedraw/Previews/step1f_candidate_comparison.png","ADDED","YES","STAGE","Approved historical AE86 production archive"
"INDEX_A","Docs/AE86Production32Fix/_Archive_PreFinal/Step1F_IdentityRedraw/Previews/step1f_full32_preview.png","ADDED","YES","STAGE","Approved historical AE86 production archive"
"INDEX_A","Docs/AE86Production32Fix/_Archive_PreFinal/Step1F_IdentityRedraw/Previews/step1f_identity_palette_review.png","ADDED","YES","STAGE","Approved historical AE86 production archive"
"INDEX_A","Docs/AE86Production32Fix/_Archive_PreFinal/Step1F_IdentityRedraw/Previews/step1f_neighbor_review.png","ADDED","YES","STAGE","Approved historical AE86 production archive"
"INDEX_A","Docs/AE86Production32Fix/_Archive_PreFinal/Step1F_IdentityRedraw/Previews/step1f_three_slots_review.png","ADDED","YES","STAGE","Approved historical AE86 production archive"
"INDEX_A","Docs/AE86Production32Fix/_Archive_PreFinal/Step1F_IdentityRedraw/References/slot_06_identity_angle_reference.png","ADDED","YES","STAGE","Approved historical AE86 production archive"
"INDEX_A","Docs/AE86Production32Fix/_Archive_PreFinal/Step1F_IdentityRedraw/References/slot_09_identity_angle_reference.png","ADDED","YES","STAGE","Approved historical AE86 production archive"
"INDEX_A","Docs/AE86Production32Fix/_Archive_PreFinal/Step1F_IdentityRedraw/References/slot_14_identity_angle_reference.png","ADDED","YES","STAGE","Approved historical AE86 production archive"
"INDEX_A","Docs/AE86Production32Fix/_Archive_PreFinal/Step1F_IdentityRedraw/Reports/step1f_metrics.csv","ADDED","YES","STAGE","Approved historical AE86 production archive"
"INDEX_A","Docs/AE86Production32Fix/_Archive_PreFinal/Step1F_IdentityRedraw/Reports/step1f_report.md","ADDED","YES","STAGE","Approved historical AE86 production archive"
"INDEX_A","Docs/AE86Production32Fix/_Archive_PreFinal/Step1F_IdentityRedraw/Reports/Tools/AE86Step1FBuilder.cs","ADDED","YES","STAGE","Approved historical AE86 production archive"
"INDEX_A","Docs/AE86Production32Fix/_Archive_PreFinal/Step1F_IdentityRedraw/Reports/Tools/AE86Step1FBuilder.exe","ADDED","YES","STAGE","Approved historical AE86 production archive"
"INDEX_A","Docs/AE86Production32Fix/_Archive_PreFinal/Step1G_UnityTest/Logs/step1g_assets_after.sha256","ADDED","YES","STAGE","Approved historical AE86 production archive"
"INDEX_A","Docs/AE86Production32Fix/_Archive_PreFinal/Step1G_UnityTest/Logs/step1g_assets_before.sha256","ADDED","YES","STAGE","Approved historical AE86 production archive"
"INDEX_A","Docs/AE86Production32Fix/_Archive_PreFinal/Step1G_UnityTest/Logs/step1g_unity_editor.log","ADDED","YES","STAGE","Approved historical AE86 production archive"
"INDEX_A","Docs/AE86Production32Fix/_Archive_PreFinal/Step1G_UnityTest/Previews/step1g_imported_full32_preview.png","ADDED","YES","STAGE","Approved historical AE86 production archive"
"INDEX_A","Docs/AE86Production32Fix/_Archive_PreFinal/Step1G_UnityTest/Reports/step1g_import_audit.csv","ADDED","YES","STAGE","Approved historical AE86 production archive"
"INDEX_A","Docs/AE86Production32Fix/_Archive_PreFinal/Step1G_UnityTest/Reports/step1g_prefab_diff.md","ADDED","YES","STAGE","Approved historical AE86 production archive"
"INDEX_A","Docs/AE86Production32Fix/_Archive_PreFinal/Step1G_UnityTest/Reports/step1g_setup_report.md","ADDED","YES","STAGE","Approved historical AE86 production archive"
"INDEX_A","Docs/AE86Production32Fix/_Archive_PreFinal/Step1G_UnityTest/Reports/step1g_sprite_mapping.csv","ADDED","YES","STAGE","Approved historical AE86 production archive"
"INDEX_A","Docs/AE86Production32Fix/_Archive_PreFinal/Step1H_Slot07Redraw/Candidates/slot_07_candidate_A.png","ADDED","YES","STAGE","Approved historical AE86 production archive"
"INDEX_A","Docs/AE86Production32Fix/_Archive_PreFinal/Step1H_Slot07Redraw/Candidates/slot_07_candidate_B.png","ADDED","YES","STAGE","Approved historical AE86 production archive"
"INDEX_A","Docs/AE86Production32Fix/_Archive_PreFinal/Step1H_Slot07Redraw/Candidates/slot_07_candidate_C.png","ADDED","YES","STAGE","Approved historical AE86 production archive"
"INDEX_A","Docs/AE86Production32Fix/_Archive_PreFinal/Step1H_Slot07Redraw/PNG/slot_07_11.25_step1h.png","ADDED","YES","STAGE","Approved historical AE86 production archive"
"INDEX_A","Docs/AE86Production32Fix/_Archive_PreFinal/Step1H_Slot07Redraw/Previews/step1h_17_contact_sheet.png","ADDED","YES","STAGE","Approved historical AE86 production archive"
"INDEX_A","Docs/AE86Production32Fix/_Archive_PreFinal/Step1H_Slot07Redraw/Previews/step1h_before_after_runtime_comparison.png","ADDED","YES","STAGE","Approved historical AE86 production archive"
"INDEX_A","Docs/AE86Production32Fix/_Archive_PreFinal/Step1H_Slot07Redraw/Previews/step1h_candidate_comparison.png","ADDED","YES","STAGE","Approved historical AE86 production archive"
"INDEX_A","Docs/AE86Production32Fix/_Archive_PreFinal/Step1H_Slot07Redraw/Previews/step1h_full32_preview.png","ADDED","YES","STAGE","Approved historical AE86 production archive"
"INDEX_A","Docs/AE86Production32Fix/_Archive_PreFinal/Step1H_Slot07Redraw/Previews/step1h_slot06_07_08_review.png","ADDED","YES","STAGE","Approved historical AE86 production archive"
"INDEX_A","Docs/AE86Production32Fix/_Archive_PreFinal/Step1H_Slot07Redraw/References/slot_06_22.50_step1f.png","ADDED","YES","STAGE","Approved historical AE86 production archive"
"INDEX_A","Docs/AE86Production32Fix/_Archive_PreFinal/Step1H_Slot07Redraw/References/slot_07_11.25_step1d.png","ADDED","YES","STAGE","Approved historical AE86 production archive"
"INDEX_A","Docs/AE86Production32Fix/_Archive_PreFinal/Step1H_Slot07Redraw/References/slot_08_0.00_step1d.png","ADDED","YES","STAGE","Approved historical AE86 production archive"
"INDEX_A","Docs/AE86Production32Fix/_Archive_PreFinal/Step1H_Slot07Redraw/Reports/step1h_metrics.csv","ADDED","YES","STAGE","Approved historical AE86 production archive"
"INDEX_A","Docs/AE86Production32Fix/_Archive_PreFinal/Step1H_Slot07Redraw/Reports/step1h_report.md","ADDED","YES","STAGE","Approved historical AE86 production archive"
"INDEX_A","Docs/AE86Production32Fix/_Archive_PreFinal/Step1H_Slot07Redraw/Reports/Tools/build_step1h_outputs.py","ADDED","YES","STAGE","Approved historical AE86 production archive"
"INDEX_A","Docs/AE86Production32Fix/_Archive_PreFinal/Step1I_ManualSlot07/Candidates/slot_07_manual_A.png","ADDED","YES","STAGE","Approved historical AE86 production archive"
"INDEX_A","Docs/AE86Production32Fix/_Archive_PreFinal/Step1I_ManualSlot07/Candidates/slot_07_manual_B.png","ADDED","YES","STAGE","Approved historical AE86 production archive"
"INDEX_A","Docs/AE86Production32Fix/_Archive_PreFinal/Step1I_ManualSlot07/Candidates/slot_07_manual_C.png","ADDED","YES","STAGE","Approved historical AE86 production archive"
"INDEX_A","Docs/AE86Production32Fix/_Archive_PreFinal/Step1I_ManualSlot07/PNG/slot_07_11.25_step1i.png","ADDED","YES","STAGE","Approved historical AE86 production archive"
"INDEX_A","Docs/AE86Production32Fix/_Archive_PreFinal/Step1I_ManualSlot07/Previews/step1i_17_contact_sheet.png","ADDED","YES","STAGE","Approved historical AE86 production archive"
"INDEX_A","Docs/AE86Production32Fix/_Archive_PreFinal/Step1I_ManualSlot07/Previews/step1i_before_after_comparison.png","ADDED","YES","STAGE","Approved historical AE86 production archive"
"INDEX_A","Docs/AE86Production32Fix/_Archive_PreFinal/Step1I_ManualSlot07/Previews/step1i_candidate_comparison.png","ADDED","YES","STAGE","Approved historical AE86 production archive"
"INDEX_A","Docs/AE86Production32Fix/_Archive_PreFinal/Step1I_ManualSlot07/Previews/step1i_full32_preview.png","ADDED","YES","STAGE","Approved historical AE86 production archive"
"INDEX_A","Docs/AE86Production32Fix/_Archive_PreFinal/Step1I_ManualSlot07/Previews/step1i_pixel_edit_regions.png","ADDED","YES","STAGE","Approved historical AE86 production archive"
"INDEX_A","Docs/AE86Production32Fix/_Archive_PreFinal/Step1I_ManualSlot07/Previews/step1i_slot06_07_08_review.png","ADDED","YES","STAGE","Approved historical AE86 production archive"
"INDEX_A","Docs/AE86Production32Fix/_Archive_PreFinal/Step1I_ManualSlot07/Reports/step1i_metrics.csv","ADDED","YES","STAGE","Approved historical AE86 production archive"
"INDEX_A","Docs/AE86Production32Fix/_Archive_PreFinal/Step1I_ManualSlot07/Reports/step1i_report.md","ADDED","YES","STAGE","Approved historical AE86 production archive"
"INDEX_A","Docs/AE86Production32Fix/_Archive_PreFinal/Step1I_ManualSlot07/Reports/Tools/build_step1i_manual_patch.py","ADDED","YES","STAGE","Approved historical AE86 production archive"
"INDEX_A","Docs/AE86Production32Fix/_Archive_PreFinal/Step1J_TrueSlot07Redraw/Candidates/slot_07_true_A.png","ADDED","YES","STAGE","Approved historical AE86 production archive"
"INDEX_A","Docs/AE86Production32Fix/_Archive_PreFinal/Step1J_TrueSlot07Redraw/Candidates/slot_07_true_B.png","ADDED","YES","STAGE","Approved historical AE86 production archive"
"INDEX_A","Docs/AE86Production32Fix/_Archive_PreFinal/Step1J_TrueSlot07Redraw/Candidates/slot_07_true_C.png","ADDED","YES","STAGE","Approved historical AE86 production archive"
"INDEX_A","Docs/AE86Production32Fix/_Archive_PreFinal/Step1J_TrueSlot07Redraw/Previews/step1j_17_contact_sheet.png","ADDED","YES","STAGE","Approved historical AE86 production archive"
"INDEX_A","Docs/AE86Production32Fix/_Archive_PreFinal/Step1J_TrueSlot07Redraw/Previews/step1j_before_after_comparison.png","ADDED","YES","STAGE","Approved historical AE86 production archive"
"INDEX_A","Docs/AE86Production32Fix/_Archive_PreFinal/Step1J_TrueSlot07Redraw/Previews/step1j_candidate_comparison.png","ADDED","YES","STAGE","Approved historical AE86 production archive"
"INDEX_A","Docs/AE86Production32Fix/_Archive_PreFinal/Step1J_TrueSlot07Redraw/Previews/step1j_full32_preview.png","ADDED","YES","STAGE","Approved historical AE86 production archive"
"INDEX_A","Docs/AE86Production32Fix/_Archive_PreFinal/Step1J_TrueSlot07Redraw/Previews/step1j_geometry_guides.png","ADDED","YES","STAGE","Approved historical AE86 production archive"
"INDEX_A","Docs/AE86Production32Fix/_Archive_PreFinal/Step1J_TrueSlot07Redraw/Previews/step1j_pixel_change_regions.png","ADDED","YES","STAGE","Approved historical AE86 production archive"
"INDEX_A","Docs/AE86Production32Fix/_Archive_PreFinal/Step1J_TrueSlot07Redraw/Previews/step1j_slot06_07_08_review.png","ADDED","YES","STAGE","Approved historical AE86 production archive"
"INDEX_A","Docs/AE86Production32Fix/_Archive_PreFinal/Step1J_TrueSlot07Redraw/Reports/step1j_metrics.csv","ADDED","YES","STAGE","Approved historical AE86 production archive"
"INDEX_A","Docs/AE86Production32Fix/_Archive_PreFinal/Step1J_TrueSlot07Redraw/Reports/step1j_pixel_change_manifest.csv","ADDED","YES","STAGE","Approved historical AE86 production archive"
"INDEX_A","Docs/AE86Production32Fix/_Archive_PreFinal/Step1J_TrueSlot07Redraw/Reports/step1j_report.md","ADDED","YES","STAGE","Approved historical AE86 production archive"
"INDEX_A","Docs/AE86Production32Fix/_Archive_PreFinal/Step1J_TrueSlot07Redraw/Reports/Tools/build_step1j_true_redraw.py","ADDED","YES","STAGE","Approved historical AE86 production archive"
"INDEX_A","Docs/AE86Production32Fix/ActiveIntegrationBackup/active_prefab_integration_unity_running.log","ADDED","YES","STAGE","Approved historical AE86 production archive"
"INDEX_A","Docs/AE86Production32Fix/ActiveIntegrationBackup/backup_manifest.txt","ADDED","YES","STAGE","Approved historical AE86 production archive"
"INDEX_A","Docs/AE86Production32Fix/ActiveIntegrationBackup/Car_AE86_before_AE86_final.prefab","ADDED","YES","STAGE","Approved historical AE86 production archive"
"INDEX_A","Docs/AE86Production32Fix/ActiveIntegrationBackup/Car_AE86_before_AE86_final.prefab.meta","ADDED","YES","STAGE","Approved historical AE86 production archive"
"INDEX_A","Docs/AE86Production32Fix/ActiveIntegrationBackup/failed_attempt_01_report.md","ADDED","YES","STAGE","Approved historical AE86 production archive"
"INDEX_A","Docs/AE86Production32Fix/ActiveIntegrationBackup/failed_attempt_01_unity.log","ADDED","YES","STAGE","Approved historical AE86 production archive"
"INDEX_A","Docs/AE86Production32Fix/ActiveIntegrationBackup/post_cleanup_unity.log","ADDED","YES","STAGE","Approved historical AE86 production archive"
